Class,Feature_1,Feature_2
1.0,-2.6054145137332307,3.38756780583625
1.0,2.1192628245269924,0.25897361056838025
1.0,-0.007927146440115947,1.833903225715164
1.0,-2.997648644426073,-3.2338481716803513
1.0,-2.2413190266347356,-0.4984016364843559
1.0,0.6772977070986773,-0.6012871227946314
1.0,1.0853175137007045,1.1819515282896946
1.0,0.1977763512509285,0.895236557960853
1.0,0.3355006370366082,-0.9879957735191484
1.0,-1.7353440253026708,-1.3279349917835523
1.0,0.7134568853841426,-1.0780518165651278
1.0,-0.007068457274820452,-0.9172869414555496
1.0,0.738460897478926,0.7415415927305803
1.0,0.4326238499651287,0.7808095519998458
1.0,1.8709190060207495,0.7411909005373407
1.0,0.14495015762782443,1.822840220584941
1.0,-0.4575102313228028,2.004671935128699
1.0,0.029313458620847416,1.6353627452171506
1.0,-1.5171901741007052,0.332720906897013
1.0,-0.18843845222876082,-0.388831733996113
1.0,1.364210291127643,-3.6035368364071143
1.0,0.21168810102518415,0.4724817380990551
1.0,-0.9964786170397495,1.346762211996313
1.0,-0.709034441762902,-0.1536600697352249
1.0,1.436074071367351,0.5943506768939923
1.0,-1.2868617946937786,0.14640840714940476
1.0,0.5559410742734604,-0.011054401898093421
1.0,-0.4342917416264602,0.40175243502107943
1.0,-1.6542500801048616,-0.7989157147642505
1.0,0.20011715253755155,-0.8140200029497316
1.0,-0.11447125632863558,2.610503350507167
1.0,-0.18475977272404012,-0.34387237344312016
1.0,0.9946590027408619,-1.8140083167102514
1.0,-0.40391434085362365,0.5952190154638045
1.0,0.44353409322204257,-0.771588510133844
1.0,1.163673951658452,-0.05415812460029215
1.0,1.0750350204231158,0.7752776803286807
1.0,0.20591657348207915,-0.24103847467450767
1.0,1.9084934027001437,-1.1412693983510858
1.0,-1.2218549097027025,1.5799165119087981
1.0,1.4559050293304092,0.01643586856033524
1.0,0.12156832535338141,-2.021245715660076
1.0,0.4300441930554344,0.10960820109085584
1.0,-0.5076012482314763,0.7600800376185045
1.0,-0.44152256009238894,1.2654229014626996
1.0,1.30932982188292,-0.8056900764647117
1.0,-0.3480589331179416,1.619777168311109
1.0,-0.43789514570100396,-0.5093663705957875
1.0,2.080299873706211,1.0862761629129465
1.0,2.3131436076629917,-1.151201179362707
1.0,0.6807869893199688,-0.7260054199329119
1.0,-2.3045324167399066,-1.158372185839864
1.0,-1.3116212594977616,-0.05465855412393712
1.0,-1.3513832303868916,1.2385147606207965
1.0,0.2543258224596375,0.7539550353097217
1.0,-0.21287681736255523,-0.8626091237608026
1.0,0.13564918161369538,-0.7753566010460498
1.0,1.3518255263070438,-5.097781273733801
1.0,-2.0014890745370684,1.8858589430559831
1.0,2.8339150193153424,-0.08793414734008546
1.0,1.5410352035770583,0.6339299046895457
1.0,1.9496392013800798,0.9788145540169327
1.0,0.07992564651790014,-0.7462342004597999
1.0,-3.238745155827834,-0.1325398561205772
1.0,-0.05824629054172428,-0.40765774664299886
1.0,0.4970395703034222,-1.5770597637349644
1.0,0.2912111381549698,0.9876860938733136
1.0,-1.5823870058165324,1.177632709021454
1.0,-1.3337961258962476,-1.350486003762856
1.0,0.6559512865545674,0.4249902182837344
1.0,0.7740117679136811,-0.9547463219667438
1.0,-0.37702960481729664,1.6362653537722363
1.0,1.0618533192399833,-2.007986290639803
1.0,0.9938364556964701,0.7192557413152711
1.0,-1.5485051740266267,0.7089655368358088
1.0,0.12642844363822153,-0.4003178265647243
1.0,-0.41377172964859155,-0.44350244410185014
1.0,-0.38359785257674867,0.6789442993607209
1.0,0.550064446413767,-0.24655657789938992
1.0,0.09811958234130032,-4.215451255504421
1.0,1.7880983814527027,0.4504250019696194
1.0,-0.8707163711887862,1.0696768990877665
1.0,-2.2507655980974306,-0.8446643683462306
1.0,-0.2784356790676586,0.6033850507729043
1.0,1.2606802503960421,0.6422409224127134
1.0,-1.326889534952085,-1.2260445839480527
1.0,-0.26344906972438276,1.0580435020226742
1.0,2.149279561749227,-2.8679242057206595
1.0,-0.38095167647581235,-0.6887928759828116
1.0,-0.3777980258932015,-0.5973558729552477
1.0,-3.686814486296876,2.833393847667632
1.0,2.5368308785948717,-1.7967690521039743
1.0,-0.41520762398954564,-1.1675729514005728
1.0,0.27039053611329805,-0.3247907888668881
1.0,-0.9896798342904586,-1.6517495958913162
1.0,-0.6985400419454801,1.5786238330300981
1.0,1.2629603723150162,0.23984769958262184
1.0,-1.7279618838950515,-0.2909332675267418
1.0,0.7460260416693225,0.3961951595718844
1.0,0.5037554550761143,0.5281391431724943
1.0,-3.470720401915856,3.413812979056105
1.0,-1.0467857826258864,1.2911273305365056
1.0,1.0119024227909317,1.0190366383933316
1.0,-1.139491762270453,-0.04179388785950367
1.0,-0.9287292489934902,0.8517400623692272
1.0,-1.5182355803082885,0.32102551986544475
1.0,1.9007409065923058,-0.38099090287233534
1.0,-0.42179838777488887,-0.7016803002444845
1.0,1.6548460746186513,-1.4546472973078477
1.0,0.19753357559882498,-0.6867491760844386
1.0,-1.1833087291165527,0.02502081636135659
1.0,-0.5624242012993335,-1.158746494047689
1.0,1.7358815658897038,0.09272866821891024
1.0,-1.0895801261669666,-2.252106913968859
1.0,1.7840385719742744,-0.4488972066132202
1.0,0.13101000272010715,0.35151980095420077
1.0,1.534306151881756,1.3728018853221464
1.0,-0.2396766922502995,0.8368625990191888
1.0,0.6019181513152453,0.16946995230357395
1.0,-0.8848146655362071,-1.7596244067503755
1.0,-0.24646980852753997,-1.4615363497006812
1.0,0.19123000174444948,-1.718093292619002
1.0,2.190401815174775,-1.9705932224866765
1.0,2.977383288382836,1.2493535957235333
1.0,1.3342659543761886,-0.5149221142794822
1.0,-0.6971342213767286,-0.2581227003125465
1.0,0.5318643910328951,-0.8595428071290814
1.0,0.47486862996510454,-0.15490760283982757
1.0,-0.6170708551626206,-1.0068450742220438
1.0,-1.6041084546202804,-0.22623079595177936
1.0,1.9624619000989851,-0.5373529531592699
1.0,-0.8353396559303659,2.5195154651015326
1.0,0.9047164563067273,-0.4754734418813806
1.0,0.4295030093213832,2.878492894560313
1.0,0.6073248974673601,-0.09032475451053565
1.0,0.33473445762682036,-0.773415401808506
1.0,-4.035104483963555,1.0493897828974004
1.0,1.0023380597403517,1.6502209666262955
1.0,1.181858531088273,-1.605443161683316
1.0,0.7494724647802564,-1.0291164190479365
1.0,-1.1945237553455124,0.7532258435268432
1.0,0.8671235873221753,1.6227270678057233
1.0,-0.14323793523613776,0.3828433828527405
1.0,-0.5627616843621426,-1.7864185774985657
1.0,0.5084882790964563,0.9236597797689122
1.0,2.7309343668105766,0.8268689252699014
1.0,-1.8664876192777369,-1.2971465268264903
1.0,-3.3948659266894468,-1.7643559799866
1.0,-1.0207393221155365,-1.1591115231672455
1.0,1.563443994245762,-1.4411186209680678
1.0,-0.15401444446233623,-0.0683129769088557
1.0,2.19003719615025,1.4966243965204609
1.0,-4.080972828219137,-1.2456506291926799
1.0,2.8443590282633466,-2.0411223616838
1.0,0.5773356182831647,0.8843153680910941
1.0,1.0218072734276187,-1.5838139631640515
1.0,-1.3446133352925997,0.8346510839306801
1.0,1.0209941211876965,-0.6547664864225509
1.0,-0.756736854010148,0.27084372802616036
1.0,2.2668699705127926,-3.3217039861812
1.0,-1.3019589191234158,-0.8139674439203949
1.0,-1.5269147792350455,-2.889133033934268
1.0,-1.9649220198416144,1.716213619722295
1.0,0.017445396266746488,1.2624402120190532
1.0,1.2199437726067246,-1.6474112442318236
1.0,0.6515878108471546,1.9955088295250942
1.0,1.9330390798244355,1.6518271922096477
1.0,-1.4673418876365056,0.36494132473349566
1.0,-0.17439050829730213,0.5131653030310618
1.0,-1.3482494040352984,-0.1183059007748385
1.0,2.0353805871107467,-0.9688789489223496
1.0,-0.7134830420221147,1.572490069231118
1.0,-2.7469706613460034,1.3721562550693782
1.0,-1.9478838225531352,0.39720784954916977
1.0,-1.5131803960252517,-0.2065095269759751
1.0,-0.9006996239573873,0.5261136894327344
1.0,-1.3382132213367472,-0.038917555684381926
1.0,-1.5962824545670344,-0.18096468690607953
1.0,1.4260884112255914,-0.7924846324048193
1.0,0.9840700209014723,1.9845686907926576
1.0,-1.5204872866769412,-2.670145506306876
1.0,-0.16925655350211827,-0.11037750410233477
1.0,-2.1864522537390734,1.4145020236323607
1.0,0.7374984503811549,-2.6389479540988057
1.0,0.8551613568498182,0.9351082979076839
1.0,2.030114829404525,0.5167869774074125
1.0,3.2893199887310463,0.9308003947768989
1.0,1.137977319561617,-1.4205819919422635
1.0,-1.1535840897312326,-3.1762088082489464
1.0,1.2506989276809406,1.1308955991527017
1.0,0.6680336366613561,0.010402406103403239
1.0,-0.258368945676769,3.3946870961936395
1.0,0.366337312093927,2.809141234962676
1.0,0.06388856357372857,-1.4304668102310694
1.0,0.06386435654120765,0.8928221527562923
1.0,0.1681463929935007,-0.4258464315736984
1.0,0.473909428244487,0.7877347206958882
1.0,0.13461473449676828,-2.5573758733676706
1.0,0.7397575876752583,-0.774246249645871
1.0,1.554498630545187,-1.659924583237781
1.0,-1.2468180740370065,1.2155735249760105
1.0,2.1128337279720477,0.9951975436997555
1.0,-0.16618706892420115,-0.7443521587224412
1.0,-0.7042446302784824,-2.412327067178424
1.0,0.7240043816381933,1.0226847904728873
1.0,-0.536767793604841,-0.46101159466857955
1.0,0.976414840480059,-0.40496599450319465
1.0,-0.0835975609077876,-1.866864516815701
1.0,-2.6405080052769487,-0.6852903016939299
1.0,0.2559677654590666,-1.7607379007353163
1.0,0.2761205365020186,-0.9099334116917441
1.0,2.007517841927949,-0.07271628907230702
1.0,0.668870680304986,2.7333123443307126
1.0,1.9924669302542688,0.7231830044566354
1.0,0.20928777896220266,-0.2103695286910144
1.0,-0.8537099371806923,0.4569185960544779
1.0,-3.2329270089283586,-0.09171880196145134
1.0,-0.5240357952853323,-0.5359735936928884
1.0,0.3458989163626085,-3.140332616082153
1.0,-0.06155362896060526,1.0849399647867657
1.0,0.42897700501555586,2.658175170881859
1.0,-0.8908177380699421,-0.23260126327903557
1.0,0.5114259889234384,-0.01042944585040383
1.0,-1.3248759338869465,-0.6262024766638651
1.0,0.2992091541335795,1.6955247028353864
1.0,-0.6359064826429455,-1.2130591545547154
1.0,0.9096567316594857,0.8551454092601412
1.0,-0.28598179885791225,3.035060574857641
1.0,0.46188705502864713,2.497371617085803
1.0,0.4615409293088919,-0.9608602660880011
1.0,-1.259079198365188,-0.05522856145950446
1.0,0.8587400823016978,-1.107280036894493
1.0,1.3413645120849087,1.3258975239190176
1.0,2.961298190362493,0.20089866568590192
1.0,-0.8332675327055457,0.5282942671206386
1.0,-0.6596424509724563,1.0741972446724126
1.0,-1.4693382077727286,2.3378078945640555
1.0,0.5926515726286087,-1.7330211416388073
1.0,2.106701060306581,2.7730427238100877
1.0,-0.29711776262593065,0.46266273478685266
1.0,0.2125493645398643,0.4847492819301207
1.0,-0.8490671491966437,-0.9990475017748495
1.0,1.6798907699892074,2.8155849291781827
1.0,2.0636031408686555,1.7360057319575493
1.0,2.283700856517218,1.6452757246777514
1.0,-1.32627810222,-1.0489416791815276
1.0,-0.25655259405564346,0.6627122234109591
1.0,-1.5920230610920665,-1.0337101412896048
1.0,0.9490213861951042,0.07157547420184406
1.0,1.244268003558585,-1.6244460899299578
1.0,-1.3911295813448676,-0.5734990656082493
1.0,0.060790158845888564,-0.8688515567333477
1.0,0.4659199740088166,-0.7758558645791355
1.0,0.041008805783500295,2.1181348764560126
1.0,-0.0687321036501048,1.7076210177318722
1.0,-0.5533157761729643,-1.0070925182287709
1.0,0.5791109748786952,3.223574385107721
1.0,-0.7650668585890138,2.6566438693608894
1.0,0.9155064399983083,-1.5992874019793157
1.0,-0.5174547813512628,-2.6048684790006438
1.0,1.1555622589541554,-1.0629111437953278
1.0,-0.4029644558690724,1.6720107338762793
1.0,-0.6793062224769149,0.1021609892791613
1.0,3.201114767285096,0.717751562962045
1.0,-2.351759046601672,-0.6900606147142502
1.0,1.192079078293571,-0.4709705061790223
1.0,-0.18794457337083584,1.780862161718265
1.0,0.9241794131561772,-2.9009467359630245
1.0,0.729415893787054,0.14906485922268212
1.0,2.3364163513799068,-1.8350681930787314
1.0,0.742125009097255,0.42385963650289316
1.0,2.7212715384363357,-0.45847112720159805
1.0,-1.6516586324511697,0.36018143703334893
1.0,-0.22909893625123448,-0.27722090827061574
1.0,-1.2290933604168768,1.5442634770494517
1.0,1.1359680926831106,-0.13798168899522525
1.0,-0.4156404320907633,-2.8666287700911814
1.0,0.36292907615512576,0.033311114235185804
1.0,0.5326832054711653,1.2532372999465182
1.0,-2.0513361248086563,-1.0181394621908475
1.0,-0.37278444952320977,-1.6901636261663253
1.0,-0.040278992372948984,-2.3935798570751112
1.0,-0.7144913838219704,-1.127507763420929
1.0,0.7866126367841483,-0.2908979926764434
1.0,-0.3961033557824452,-1.3282583658358376
1.0,1.0800580869829646,-2.0281766339690717
1.0,0.5765002364597557,0.06534803856030277
1.0,1.5793520140214297,1.9577866330645106
1.0,-0.8762106745380829,-1.3742635783784392
1.0,0.5941418672667478,-1.5569857849748452
1.0,1.298608041903482,0.8974793535871635
1.0,1.0443472831149614,-1.2118968741873568
1.0,-1.1078836536159515,-0.5179734603195132
1.0,1.3056995042025303,-0.19672457350462744
1.0,1.153856462510306,-0.6876303583324392
1.0,1.1610572347188652,-0.30487853353531186
1.0,1.4954513867506107,0.45869409540980405
1.0,-1.5425616897777208,1.0974785651377057
1.0,-1.6594203815131399,-0.39882272500149674
1.0,0.23792365596187628,2.5485910824662037
1.0,-0.3288251323291896,-0.632971553132524
1.0,1.962100317768365,-0.3535074624242457
1.0,1.9894231798044864,0.0570942680346505
1.0,0.041622563324151325,-0.9152440065734735
1.0,1.177031243816202,2.4901586482478906
1.0,0.2610579465492076,-0.9117194311653691
1.0,1.4352100096334255,-0.8616162175423814
1.0,0.48930380965550263,-2.090306352289121
1.0,-0.06399479273595968,1.705308775040447
1.0,1.169975237382011,-2.498327181552961
1.0,-1.8106187610267206,1.844175853860721
1.0,2.129683085230433,-1.597252172276491
1.0,-0.9753483771251762,-0.610161254311796
1.0,-0.8270972155192182,-0.8389910947053046
1.0,-1.4490189229449637,2.065919951787734
1.0,-0.8946649083615353,-1.091186241747021
1.0,1.6762455876485822,-0.8623486053280757
1.0,0.8231438599776216,-0.016187547344889797
1.0,0.35968141679879106,1.7064038441925264
1.0,1.3014888894491017,1.1921888311110038
1.0,0.026231480729490185,-0.8596842927573897
1.0,2.4463536607863103,-0.3731536283438752
1.0,1.549982884540495,1.7510147530315392
1.0,1.9623480450603723,-1.2097635938813125
1.0,-1.4357644036580353,-3.849792341279909
1.0,-0.03345810522691996,0.10690685125508816
1.0,-0.7712578007634471,0.9336640659108338
1.0,-0.013231951683290213,1.472210308338815
1.0,0.5390296506728182,-0.29300183517536404
1.0,-1.250720770276721,1.894730414489156
1.0,2.6160849705888536,1.2267273172323068
1.0,0.39281898752348515,-0.8576538320716035
1.0,1.4742237878344402,-1.1454680708424738
1.0,1.198911893176054,-1.79122297141819
1.0,0.8643406312581571,2.894023736153965
1.0,1.277409159405916,-2.8134265531155607
1.0,-1.2965287532733896,0.15305452724673152
1.0,0.3437457407134652,1.6394512106858832
1.0,-1.0162503551775786,0.8217296488960585
1.0,-0.12888163356761637,-0.5906989823206434
1.0,-1.2926588510450503,-1.4536704477774698
1.0,1.6433851904058112,-1.0186630790264537
1.0,1.138985651805302,-0.21398199706917298
1.0,2.0508361549022394,-2.3927041505706983
1.0,-0.6027185753607597,-1.0123065028444127
1.0,0.6802183609431826,0.44172858548912647
1.0,-0.009370067009710058,2.1616311495709466
1.0,-1.2583884286965052,-2.6163881079214453
1.0,-0.7847398002779828,0.43468968994639423
1.0,0.980955341118044,-0.29624044725496124
1.0,-0.2259793452857739,0.8262560281854494
1.0,-0.24657216995151304,-0.8340310479750618
1.0,-0.1812485100923467,-2.26700123510694
1.0,0.21834463242045027,2.360250094338568
1.0,-1.0621793751159136,-0.7283774337669962
1.0,0.8277506508207221,1.5909524140688311
1.0,0.11469645609891786,0.24507081072655124
1.0,0.18351939770637263,0.06663223958564155
1.0,-0.8027282062372438,-1.445015381639877
1.0,2.7285828120131175,2.242647593721675
1.0,-0.9483406001829466,0.4362373391812652
1.0,-1.6837537517396943,-0.9847437088348833
1.0,1.5556723124239293,-3.3336849115524885
1.0,0.29907451712942357,-0.9123635421790429
1.0,2.560625017400324,1.4467805976436736
1.0,0.7634918800182436,-1.7724478411376228
1.0,-0.3800096762821646,-0.42730406046346714
1.0,3.4926136692974503,0.4277884088730016
1.0,-1.4236070991594516,1.1549611872167176
1.0,-3.182804484377195,-3.551850999435139
1.0,-2.230635333564404,0.44345385700105006
1.0,-0.7141587276340907,1.134696340266263
1.0,-3.46684278053349,-0.10405775624784258
1.0,0.32348864292570734,-1.2610427378103626
1.0,-1.7300498665889255,-0.7216701781854945
1.0,0.5404438707829575,1.9013092909443703
1.0,1.1222368652352988,-0.2550401253166602
1.0,-2.384656018509111,-1.853838686774222
1.0,1.6240711377510144,2.2459784654909143
1.0,-3.862328854105838,0.7624451862223646
1.0,1.4602392746321702,-2.306005217050764
1.0,1.0437118345630274,-1.7838479625076809
1.0,0.7378361647278749,-2.406248961129615
1.0,2.1497313309535233,0.8450453302159732
1.0,1.6130621076858946,-1.5238452139425385
1.0,-1.2044403941757882,-2.2429163671068797
1.0,-0.03337650958713671,0.10534589299482507
1.0,0.17986606151419907,0.3723443267452435
1.0,0.22936993866222713,0.3021609454260163
1.0,0.1083446136231729,-0.3388978960657759
1.0,2.186859947533894,1.4227805839126553
1.0,-0.38587610574406955,0.8453344208381282
1.0,0.1802190989871234,0.7993402241972268
1.0,-0.7070486559119746,1.7071641495235579
1.0,-3.2627476039617607,1.7995630080663971
1.0,1.7847865217165535,-0.15929845951489802
1.0,-3.8538595257246513,0.8821394109238129
1.0,1.8577772695539467,1.1845612021819782
1.0,-1.9618570181328494,1.6160321097089796
1.0,-0.17792727471282718,-1.0036767850150636
1.0,-0.9593783156059756,-0.8963740611003007
1.0,1.672233995334887,0.5888912930977241
1.0,1.4970871065543774,-0.402323911979039
1.0,1.6065654901945061,0.4376107435405587
1.0,-1.7470014245594805,-0.4875608168515522
1.0,0.41830065447209913,0.16013209609843432
1.0,0.6204757290853341,-0.7776826170614317
1.0,1.4499441257576744,-2.1914274494108787
1.0,2.1854578185564772,1.7899974386545079
1.0,-0.511498756925404,-0.6775813820999084
1.0,0.11681500099730488,-0.5073520199747248
1.0,1.0759885594911278,-2.527121323274867
1.0,-0.5420475482122769,0.8483779204669667
1.0,0.3405412940618192,0.33410383385407794
1.0,-1.2425316635782377,0.1749684666603458
1.0,-0.8331243560112851,0.1050554643859609
1.0,-0.06085540447692063,-0.6708384454671852
1.0,1.0955761531389059,0.33742925631001297
1.0,-0.8718581593144195,1.90622838564063
1.0,1.6789797038932306,-1.2710584522083788
1.0,-2.3198284763608568,-0.3902588867974766
1.0,-0.6938311510687301,1.131951597435731
1.0,-0.049770117032325215,2.152697225242057
1.0,-0.44285254170503674,-0.8557469818367842
1.0,-1.27994082161698,0.5103429517667979
1.0,0.3932911690685188,0.034168760115137004
1.0,-1.4729954063505657,-2.5448633731000383
1.0,-0.3207387908888244,1.4165224146404205
1.0,0.19719615458905168,1.215601579328794
1.0,-2.605076591305315,-0.6002632340209136
1.0,1.6327940698944627,1.1203998395002408
1.0,-0.3557836609634945,-0.7812927814642113
1.0,-0.5371477067456619,0.8707628946068616
1.0,0.018802028679440277,-0.7400960358069186
1.0,-1.2294481442323486,3.781241687079791
1.0,0.8407276882653014,1.8220057306509763
1.0,-1.848345259658814,-0.22614517937382103
1.0,1.643508063237295,0.1967515168854002
1.0,0.19040263866270327,-2.114985767302888
1.0,-1.2671895523902061,0.10933205303938155
1.0,0.7940207196770007,0.667605199569634
1.0,0.007285649588114464,1.4463897089954478
1.0,0.8331470450266476,-1.8146719773138662
1.0,1.5200100379193022,1.967953413170002
1.0,2.8621667969892117,-3.1704905702779484
1.0,0.2894019881347434,-1.718547362301508
1.0,-1.737185740487694,-1.8877932922931364
1.0,-0.8838233332146911,1.039740644932745
1.0,0.517348556358129,1.1859753629470893
1.0,0.2055142168998201,-0.9184896114293414
1.0,0.5486808062212356,0.6672405904955304
1.0,-3.5601692031941603,1.2647979055685816
1.0,0.2945185185781595,-2.7952249048905595
1.0,-2.1124653767770987,-1.363109342452986
1.0,-0.2611598512483949,-0.37552144531040765
1.0,3.6533772724432887,-0.17761962943998633
1.0,1.5591782827351999,0.36396866007233014
1.0,-2.4357054114436454,-1.2306711965900048
1.0,0.17764229943997994,-0.6595553633523037
1.0,1.4236742118980448,0.016967279194958416
1.0,0.8325968570947312,-0.48658162041121156
1.0,-1.5173196055881923,-0.37639425519969816
1.0,-0.3044860539147555,-1.0792457146703192
1.0,-0.6608069471597249,-3.0899322593835454
1.0,1.181171702981516,0.47893498067920875
1.0,-1.9902833932767368,-2.021621541878829
1.0,1.9933833608747678,1.9111070965250516
1.0,-0.8119632170990373,-1.440935741945838
1.0,1.9275687485156328,-1.695126139031969
1.0,-0.6213504059041174,2.590672820030604
1.0,2.0212911488427237,-0.708910267438753
1.0,0.028602973411270265,-0.15889475343925633
1.0,-0.627189746002351,-1.2475210748955465
1.0,1.7803924480616296,0.3378303277093654
1.0,-1.5042575107902132,1.2925141926941504
1.0,1.279075796615474,1.1334722386455214
1.0,0.48616821569217217,-0.48890629671050734
1.0,-2.5053052995068823,2.501591734449009
1.0,-0.9044950628259708,1.4551464045122111
1.0,0.1237126222559932,1.3046076435640044
1.0,-0.49731089577337556,0.12043985112780414
1.0,-0.005814454171387239,1.127661540403839
1.0,-2.2809524914948174,-0.3492728556789193
1.0,0.027964476199510514,-2.674583796331255
1.0,2.7039511032653962,-0.02484080730300642
1.0,-0.5658231008570911,-3.2067527467002757
1.0,-0.6930756159414404,-1.0610378256097392
1.0,0.898995787734167,0.23760495035563675
1.0,1.4407704513662647,-2.1569266985845
1.0,-2.815590461894935,-0.13556139570345146
1.0,-2.0426747474423275,-1.6866624025282908
1.0,-1.0442198018641118,0.13299698706184124
1.0,-1.1669768895704762,-2.2918834702090525
1.0,1.3124703273379408,-1.775273831582349
1.0,-0.8923437490976557,-0.6606611558034242
1.0,1.354595454147247,-0.6522965997554468
1.0,-0.3086554411712143,-0.8789155951558896
1.0,-0.679020629206119,1.6738937391080957
1.0,2.1943396447156656,-0.451035603234415
1.0,-1.9473736245138014,0.40960526753280035
2.0,4.62800138500609,1.249032422942619
2.0,6.535004109028723,-1.6420881670989653
2.0,4.266895480491817,-0.04364268133833184
2.0,5.071423532963378,-0.25427504666116746
2.0,2.057175267637602,-1.7244695459212158
2.0,3.3816368443766356,0.6317327494936308
2.0,5.722252562607212,-1.5448861289328528
2.0,3.7134715948829355,-0.6921459373616918
2.0,5.487488653141392,-1.343480432810196
2.0,3.8838203081563543,-0.631518647601118
2.0,4.301126473714012,0.5415591149656432
2.0,3.8643557382935763,-3.285502798491363
2.0,4.250487032092948,-0.2050334772741918
2.0,3.795058153597689,-2.530541660580943
2.0,3.1986574793863207,0.15369486520780992
2.0,5.686754374718507,1.0436518913311124
2.0,5.500295971277286,1.239894401007041
2.0,0.24205732085383236,-0.5813731985646787
2.0,3.8763537563457784,-0.17982038351773666
2.0,2.1958835382806132,-2.2632967358307314
2.0,4.329114323526184,-1.4632832733687022
2.0,2.342960905718389,-2.387483880683583
2.0,3.19009357372901,-0.21167891522835178
2.0,3.3459045507606953,-0.6752041251323179
2.0,0.07513467758806369,2.631147354967706
2.0,5.567684602764994,-2.1907221396542886
2.0,3.0887697089722392,2.17698816697755
2.0,3.0816271615602053,0.8342112853928129
2.0,4.308377198396015,-2.0950983616431977
2.0,4.551053191458663,0.5987557484344896
2.0,5.700136431033318,0.3054035097767776
2.0,0.5041174975938318,1.0431872463481044
2.0,3.289575241859771,0.08540622553255155
2.0,3.687155434631366,-0.06899880314528063
2.0,3.352058467290817,-0.9945459861229851
2.0,5.554024177912026,-0.7464846241430095
2.0,4.078145965182497,0.9053510023544429
2.0,5.538447571294036,0.5336483494855331
2.0,5.182533734539159,0.19931388909722803
2.0,2.0001679221675124,-0.40934986655398337
2.0,7.300500203517938,-1.3421964192706481
2.0,4.5664331074336,0.4329306767055916
2.0,1.59435292941928,2.2862654937914018
2.0,3.8506493822468277,-0.5279784047096836
2.0,4.364546069862712,-2.2359641363073517
2.0,3.8293640131979667,0.04061663189307573
2.0,4.1756523064741815,1.1479496660829844
2.0,5.349574608978836,1.4743490552597216
2.0,3.1715912774380253,0.9231073139942285
2.0,1.8324072402792995,-1.6202234945479879
2.0,5.68471264480408,0.43536884286361216
2.0,5.053116236431989,1.2944039963722882
2.0,3.115565728993037,1.6893014282732004
2.0,3.926479751667274,-0.6174341973878822
2.0,5.081453549850309,-0.4397360729719913
2.0,4.36982573087077,2.7291857441704352
2.0,3.442217623990696,-0.5127160567838134
2.0,3.788833460988195,0.4566060422972234
2.0,5.217433610644612,-1.9536205554259332
2.0,7.064511817321305,-1.6803308340565406
2.0,4.41397861584024,-0.8951234685216395
2.0,1.9829825850634557,1.0730483056532685
2.0,3.5664682775683536,1.7618601972087324
2.0,3.5596166878689477,-1.069132344448167
2.0,4.1971638415128885,-0.3927354543859237
2.0,2.844500379600613,-3.3710812086021806
2.0,4.0527174581203615,-0.221116347353372
2.0,3.862615623743757,-0.7524951856746653
2.0,3.616986720285828,-1.7250280152969575
2.0,0.8364974502954312,0.13400349576970103
2.0,3.9878318874071232,2.612897807392471
2.0,4.026235279172638,0.5981464287952941
2.0,3.868815708111593,-1.9666485154562827
2.0,3.48328832122435,2.127287006373263
2.0,5.44409908451782,0.8256091758490283
2.0,6.1392963387208095,-0.9169578365148227
2.0,4.919179721624475,0.20048667605580794
2.0,6.212534257446819,1.74616081063271
2.0,1.6482239415346318,-0.6029960592792815
2.0,1.8244949692462886,-0.939400866308286
2.0,4.015442563052243,0.8914391416170298
2.0,2.4865749444688223,1.3278959508739467
2.0,3.9242526772144393,1.1888992941004768
2.0,4.655617258839223,0.1681887218482711
2.0,5.4826032493301255,0.2396266106515206
2.0,3.1776578947708214,-0.5897094614061497
2.0,4.867767652799218,0.5199889320492138
2.0,5.55318240276325,-0.3948204364131475
2.0,5.270632825807096,3.605047888658171
2.0,3.981421144161001,-0.7311893215798446
2.0,4.801620137851296,-1.4004078951691967
2.0,5.58719578546378,-0.6914049210723032
2.0,1.8238865047377453,0.23788206839822612
2.0,5.277893334619466,1.6605664285921289
2.0,3.289413618276363,-0.13279539469778764
2.0,3.5571864082933957,-1.499578997151525
2.0,4.883355394604657,-0.15988000676688113
2.0,4.989044234691838,0.16430742499792608
2.0,6.354930162667072,-1.1269300036547576
2.0,3.4710821679682757,-1.3646320573435418
2.0,3.7423736462189794,0.36831458108788523
2.0,3.9596561695399966,-1.2359047337616789
2.0,6.784534671903396,-2.158773380751352
2.0,5.1147587076112195,0.7979307425861883
2.0,2.884023111125643,2.4735779508006743
2.0,4.088101518872736,0.9116287030627734
2.0,5.143734684451268,-0.7955772037428586
2.0,4.7194068425647595,-0.5675272838917566
2.0,4.184285566286304,0.6975199461291702
2.0,4.734744658185658,-1.7355091578075459
2.0,4.074842172740288,1.2309093953571515
2.0,2.185497648985619,0.1917862383459997
2.0,3.9974705425586614,-0.8484003886853432
2.0,5.93950412198926,1.4677822133282596
2.0,1.3166022408225322,-1.2456777686876215
2.0,3.256016964457908,-0.640374769878518
2.0,5.269554277002007,-0.19949366116449577
2.0,6.014133904369469,-2.247400085350084
2.0,2.981815388612458,0.11456123506273569
2.0,4.998323190470236,1.2166307219391368
2.0,4.558470740226938,-0.8932169092552615
2.0,0.9587208456806735,-0.34892074589618455
2.0,4.108556047533445,1.4873636179709548
2.0,2.1819317668626628,-0.885277001447819
2.0,4.418993146309072,0.7824421851788446
2.0,4.166599714416757,0.8626149169227406
2.0,4.306194112355225,1.6417212099851295
2.0,2.5210672479335536,-0.9435885705004174
2.0,5.33638080500386,1.1962441025516979
2.0,2.6944025947988504,0.3620422534817521
2.0,2.203816444453783,-2.755181887991031
2.0,5.735069769221975,0.5418178084086389
2.0,4.256754800779164,0.5619718600283415
2.0,1.0230467114529564,0.9640308346112251
2.0,4.367723546669762,-1.9175069241854963
2.0,4.324006317230212,0.2019907332574617
2.0,4.823975618738684,1.0988447727679103
2.0,5.867308374966109,1.9302243003195427
2.0,3.035312037272881,-2.279634490249364
2.0,3.1868045869799366,-0.96647509118262
2.0,-0.10158022159180558,0.08361337004824342
2.0,3.2149698874773796,1.7676114043336286
2.0,3.283447682154001,-1.0861942776913511
2.0,5.748329029337256,-1.8895741218917026
2.0,4.026243384616726,2.2626950569344313
2.0,4.965683804818255,0.10304710105969225
2.0,4.24177509304612,-0.8021841146050743
2.0,4.710623070182397,-0.0918564867493007
2.0,4.863880936438392,-2.351630769917732
2.0,5.412116888022657,0.3340925512007807
2.0,4.186558544575996,-0.12145822905309105
2.0,3.600453753431217,-2.3031136770350837
2.0,1.7635303586924955,1.0309282161383233
2.0,4.033422459083934,1.9851957472748705
2.0,2.501696190751736,1.054965952531459
2.0,3.046264722200533,-2.6142162592771334
2.0,2.845423195306388,-1.0042657947631337
2.0,2.456928443118425,-1.642553556203354
2.0,2.7011214953284544,1.6419910590021325
2.0,5.075232691879324,0.2208424431751767
2.0,5.656724771879503,-0.08013261706124605
2.0,1.9309673385170307,-0.14990568416665057
2.0,5.554362359773124,-0.010296971532179573
2.0,4.279840256459794,-0.8113785464996416
2.0,5.576984268255298,-0.18695890062070172
2.0,5.129166786685685,-0.5332104977824802
2.0,3.4826974213817943,-0.6641727513055882
2.0,2.5406561565768175,-0.8987373919906694
2.0,3.2066509769956157,1.4214490870074066
2.0,1.670975040833738,-0.6565984802779644
2.0,3.7625759920741673,1.9997545276397133
2.0,4.178552850219838,4.53516235063534
2.0,1.0598053606854858,-0.6236760239858022
2.0,3.718989828230996,-2.78116626157484
2.0,2.37855776792231,1.5181303791066827
2.0,3.6354493006084483,0.34232427558748574
2.0,4.2145270004571,0.41770618303538853
2.0,2.80179317543892,-1.5887469308494075
2.0,0.7522495421509081,1.2865413394632337
2.0,6.384940655829935,0.25604959621698237
2.0,2.3233391481768857,-1.9770229037647276
2.0,4.848411839892498,0.538640130546137
2.0,2.538691513086409,-0.834991869035576
2.0,2.6182209200137967,-1.1024288784589804
2.0,3.506637299429041,-1.8703743835052393
2.0,4.21767415877801,1.6061340656958139
2.0,3.5226035375801947,-1.081387322367788
2.0,3.238166361069992,-0.5442458318554675
2.0,3.936792685736138,3.8791593090718717
2.0,3.77256583345576,1.8880921023211001
2.0,3.7857772318082494,-0.026287977440726876
2.0,1.389228901631678,1.6368186460803185
2.0,6.0354042648479975,1.5326344902583797
2.0,4.422349323352607,-0.8871812846173415
2.0,4.41919517014615,2.601255313421256
2.0,4.20061192151221,2.1055262974204583
2.0,4.17963226176298,-0.5889142269180888
2.0,3.9263406179008404,-1.1315622094689686
2.0,6.044101035197134,1.045158333353584
2.0,2.8543132196876964,1.0192823767310102
2.0,3.763773958496519,-1.153327232146743
2.0,2.177615094413931,-0.024757703329856835
2.0,7.1066284997292595,-0.8675209291271784
2.0,5.144953263076131,1.5129848571757374
2.0,3.741212378955413,2.3407254202425634
2.0,2.646809058436662,-0.6422527848221625
2.0,3.4217289925579757,0.9723335892203337
2.0,4.8886432215921305,-0.21921261716104665
2.0,3.4074092450770554,-0.3622781573849787
2.0,3.0864779611506954,-0.8850773641879367
2.0,3.6558602700374037,0.6872330290837666
2.0,2.227356620283596,-0.4495821203258117
2.0,4.1373717163570864,-2.052442349581483
2.0,3.147317376831791,0.8528847501861943
2.0,5.901351450099632,-0.5582681623313565
2.0,3.3918823540344425,-2.083821001969214
2.0,2.6237972997205357,1.1661380430300856
2.0,3.700710100466495,-0.12751928776307314
2.0,3.0365100524498514,-3.1452405386017244
2.0,5.354416754798087,-0.47534085210434157
2.0,2.3730807341157147,0.22368275342414515
2.0,3.1719660164542396,-3.225746709069733
2.0,5.540989702894345,-0.016338903705958297
2.0,6.304380245373617,0.6986158069169983
2.0,5.8720206513064594,3.9724798524414244
2.0,3.8443355229144798,-2.6495837971404086
2.0,4.946047515473706,-0.6481478534388939
2.0,1.854246326164037,-0.09551288954375736
2.0,6.2272573056095535,1.6293791107802524
2.0,2.6153475271616196,1.1078214375922646
2.0,2.7746188432649186,1.8835264984159388
2.0,5.418965705179595,-1.6357302485706908
2.0,5.291114617356432,1.0098059686484104
2.0,7.831094531517548,0.17076345410378743
2.0,3.4938595127448555,0.16153431409940278
2.0,6.527873306882032,-1.7380202922979457
2.0,3.514007407801532,0.27947829555505094
2.0,5.48816836035231,1.030628363984464
2.0,3.9871162286410424,-1.6766756727724887
2.0,3.7558907522660063,0.142982181209161
2.0,2.605294165322996,-1.658154077584583
2.0,5.630774406881145,-1.3602276470389998
2.0,3.360886782216214,4.730554631134615
2.0,2.6195822663858994,0.7479216430969511
2.0,1.1853440547979432,0.7988706316051948
2.0,6.214789307299445,-0.596601824888221
2.0,4.800896856998149,0.6310611959038238
2.0,1.8535225598165286,-0.135241720480773
2.0,4.143341789571893,-0.9507994895778595
2.0,3.100257752064109,0.7497612401595991
2.0,6.60827780249056,1.3607056605404566
2.0,3.194781359444289,-0.6590715305935464
2.0,4.695233377361007,-0.5532612519992677
2.0,5.241448297146272,1.906318088586362
2.0,4.263025501230598,-0.14340385199209482
2.0,2.701741669723342,-0.7217017819250852
2.0,4.9627894274974595,-0.5866154962304637
2.0,3.0449571158462425,-2.9443467820702334
2.0,1.6130389818452784,1.1008237381153037
2.0,4.019102161670058,1.1916106571534315
2.0,3.292754893726668,-0.5170878213110988
2.0,6.255462101885884,0.5734824869349862
2.0,6.833786316398924,0.2659912926799165
2.0,4.716329640713016,0.9917147571305416
2.0,4.60446246048085,1.853264740689564
2.0,5.1660208271091825,-0.023202405489938658
2.0,1.3328534568877268,-1.508530320522918
2.0,3.1740679323737724,0.14758761714754276
2.0,3.7307278811876987,-0.4313868279590135
2.0,3.370627716003879,1.8765125571346413
2.0,3.681881282786933,-0.7873447009110319
2.0,5.298410269437788,-0.5124130233624766
2.0,2.8028081537729657,1.4032376706305318
2.0,4.031057875234229,-0.45633278394636906
2.0,3.7220300623834124,0.546526201233431
2.0,5.671211724589066,-2.5316276839616116
2.0,3.265638385841778,-1.1303357835648338
2.0,4.443217217582636,0.9349134435783134
2.0,6.239318069709186,-0.5157548441653838
2.0,3.8779865753672302,-1.5697184977996919
2.0,3.3971894558134768,1.4017933148020414
2.0,3.216559726470873,-1.242928509247605
2.0,6.316913681293947,1.15650429339549
2.0,4.479122243869345,0.09832773588482673
2.0,4.62114934465104,-2.3534645076114304
2.0,4.295318057020161,2.276277198909844
2.0,4.7428777297655556,1.582301827315552
2.0,4.581372974407237,-1.0334064924511641
2.0,2.4339088041114767,-1.0963007733367716
2.0,3.420411630191524,-0.3624041451438597
2.0,4.401683650957096,-1.2759400421740814
2.0,3.0772351050515843,-0.05269234461845977
2.0,2.6224575771832535,-1.14304858906628
2.0,1.6364714733489603,0.21329368961193038
2.0,2.6105070371830306,1.7878797071740307
2.0,3.679063362047079,1.4197052142892959
2.0,4.189324169076696,-0.05554268633881634
2.0,4.754393334744854,-0.9093695184118501
2.0,5.107176419629847,-0.0576701695848731
2.0,4.047001436157221,-0.8102172738354313
2.0,4.484176119025489,3.3976222596463903
2.0,3.4878591369149996,2.8393506822680665
2.0,3.6029387185942676,0.7302652768347565
2.0,4.006246187448164,1.7626416141951493
2.0,4.105060025699549,0.4785327252903361
2.0,3.2074849328993977,0.5188460823970508
2.0,4.510041356447347,1.0230733583746876
2.0,5.896830950714264,-0.03480275274230188
2.0,4.3761404272559075,1.1800345339006437
2.0,0.49677599763214,-0.7811779140241973
2.0,5.5157892465085165,1.2922369608240056
2.0,3.2973626826833042,-1.7929943674260072
2.0,3.2025023708046967,2.1405824057778395
2.0,3.3774619228137714,-1.107888513966641
2.0,2.105729064536984,0.17158556611369025
2.0,4.429941583893239,-1.3453061076008082
2.0,4.063668896360646,-0.2232245050513653
2.0,3.560967179062298,-0.7020392987969365
2.0,4.311894382649153,-0.6753800923336694
2.0,3.450924334262834,0.8540821437362721
2.0,4.118537741053905,0.9575854951234125
2.0,0.32278562381695375,0.5875912385930375
2.0,2.8188288835916846,0.1318188334955764
2.0,4.687260616715639,1.5095665997425407
2.0,4.258025097216634,-0.5976216571319367
2.0,3.8944070163837687,0.33118604891960285
2.0,1.0843777481985817,2.2727600967714032
2.0,2.6341947973105944,-0.22984864210086786
2.0,6.755076787513039,1.5498039511180584
2.0,4.845446135492982,1.537436297164134
2.0,3.87779942888678,-1.135677020410708
2.0,4.386033095651943,-1.9776512412413196
2.0,2.5092890604592455,-0.9370765539482182
2.0,4.903165350515385,0.8567283907556602
2.0,3.605422919435611,2.0021328397631084
2.0,4.988217846082024,-2.148706455344282
2.0,4.086424633131447,-0.7883841175533735
2.0,3.2428605301760323,3.0048369284279484
2.0,1.7832935322339476,-0.8968052140424644
2.0,3.1669983884592208,3.3242275502525604
2.0,4.232701395022349,-0.06851372395228249
2.0,3.39615068997805,0.022521881407074475
2.0,5.807115446454858,-0.9678451479157026
2.0,5.723326560461679,-1.0042546392706884
2.0,3.193851613391815,-0.6526642423864049
2.0,3.7287007227980524,0.38187701065306
2.0,4.415536265359985,1.4372987954018839
2.0,3.406341626328529,-1.4182652522485726
2.0,6.313971037685617,2.075742854670245
2.0,4.496634691267192,1.9563682488587733
2.0,2.444532414904272,-1.735309092956609
2.0,3.2660670247788985,-2.2884844506500226
2.0,3.8675026478730103,-0.15040400578442506
2.0,2.563894440111784,-1.5357176897831613
2.0,6.331046261812553,-2.6226212179668313
2.0,1.0136704736367674,-0.17523718278935993
2.0,4.754469077967349,0.5745378145851937
2.0,4.609159425025564,0.7823020911165056
2.0,3.008512470518006,-0.17474890734005943
2.0,5.02448718673561,0.11842901092870337
2.0,0.7845554318132013,0.1453041200693706
2.0,3.501703467211696,1.239456292486143
2.0,5.2632334129534915,-1.5104711929688348
2.0,6.834137830937863,0.6625857703753789
2.0,3.736809375750675,2.235444204456199
2.0,7.046632719700493,-3.0346581930764556
2.0,3.56203207146531,-0.319831410742
2.0,1.4464949330283994,-0.12584828832289435
2.0,2.4944740280248503,-3.6608243764352464
2.0,5.684845899053453,-3.0509987259615983
2.0,3.143905006845106,-1.3346754657617081
2.0,4.730748932083636,2.906486223852412
2.0,4.498997256340586,-1.561726134443396
2.0,3.4171354841703745,-2.942297262227047
2.0,2.6404919014794626,0.504791450469593
2.0,2.9772705421170995,-0.6375804165017639
2.0,0.7496774639258219,-0.4307355039940651
2.0,5.306584279336593,-0.3642577275128452
2.0,2.2493586135083135,0.057187306628194934
2.0,4.566527119143455,-2.0016544624092125
2.0,0.8930361396448916,-1.6528988024712246
2.0,2.2553917259129586,1.7172600433141825
2.0,4.377686175668978,-0.14488872096808697
2.0,2.985816004703875,0.190563897821117
2.0,4.826071267012364,1.6093662048948778
2.0,6.2274551100995525,0.07174156650512008
2.0,4.819006310970654,1.2579507507851417
2.0,2.57952359242345,0.43462811634291854
2.0,5.178654682288331,-0.8077916297670745
2.0,2.653598112990964,-1.3893627875677084
2.0,2.51339480644101,0.46594217911221186
2.0,6.463447449726694,-0.1537281230969027
2.0,2.2981477735731506,-0.8745909422934395
2.0,4.621120819001802,-0.42815415585656313
2.0,4.925453806209566,2.7534456105750866
2.0,4.0582360359176795,-2.1319510500206977
2.0,3.65684051575068,-1.2958145006098838
2.0,2.828946294165309,0.5149716331805378
2.0,5.63379666009415,-1.0756616438312792
2.0,2.1948619132754374,1.3875361439815164
2.0,7.55534512703329,-0.579118352291704
2.0,5.658700541498261,0.06885799711830946
2.0,2.561239736483053,-1.7411268365571508
2.0,3.1036499561277044,-0.6036336910928312
2.0,1.978977000717693,0.4095002598333718
2.0,3.746013430510261,0.9938354108956584
2.0,3.3675174020752903,-1.3982990637434425
2.0,2.688470592687903,1.2795104270973114
2.0,5.273953289020314,2.4360958970059383
2.0,1.7198650088294496,-0.11367020435800221
2.0,5.326815925787677,-0.38733429157514115
2.0,2.8910440027428814,-0.9792583025959184
2.0,3.4052003811730094,-3.3049121839090154
2.0,6.589650505819918,-1.322792831244634
2.0,3.6239387367690936,2.368801252038958
2.0,2.6320647415342284,-0.34964750308881415
2.0,5.038118787063713,-0.028169315916262455
2.0,3.8391480590336777,0.6139317765025285
2.0,5.844077855418365,0.6622520998157791
2.0,4.793244773576583,-1.1162140466334447
2.0,4.090087491084692,0.5612585004434357
2.0,4.041444289753363,-0.5441280645654494
2.0,3.084446483492045,-0.47891841176622557
2.0,4.05350773657463,1.710330675347843
2.0,6.128095575453887,0.772732289834372
2.0,5.803601598379695,-0.08010600738356578
2.0,4.3913127151725755,-2.0129537822310537
2.0,3.497626303533498,-0.2814860997314945
2.0,3.617935030665224,-0.8414481703910689
2.0,3.8672991793095792,-0.0879950301834253
2.0,4.20641635798329,-1.3609069959743305
2.0,6.30767232057352,1.0767089785692778
2.0,2.324782089936642,0.4132382699872046
2.0,1.4736414010392171,1.6870664796150754
2.0,5.369725087543009,0.9926105282488621
2.0,2.5160404809784938,-1.4781243581464594
2.0,3.4336385639174125,5.037963342274963
2.0,4.300210631016584,-0.6203344543796697
2.0,5.540192716290998,0.8610423980834329
2.0,4.2312351683775296,0.8530449778954886
2.0,3.973253414232404,-1.4712135172726193
2.0,3.2582257945899453,-1.7228106091771864
2.0,3.0357926965968773,0.38422119629781465
2.0,3.135282253460019,-0.5321003426375159
2.0,4.2572849077654755,-1.8593298024765863
2.0,2.5620847593523357,1.2794412258161079
2.0,2.9545521119010476,-1.478046209956657
2.0,2.4550481506109296,-1.0145017412651836
2.0,5.250852790343824,1.830240799200095
2.0,7.147746107982618,1.2840604120507146
2.0,3.4261621687127874,0.6713544154187739
2.0,4.697038301986353,-0.6198925508437167
2.0,2.4811877998851033,-1.0017753359461836
2.0,4.4685763658477216,0.2810349802619942
2.0,2.6545027336266447,0.3891105706369704
2.0,3.3270726643547714,-1.093409807931685
2.0,5.314739872496942,0.8060646662136386
2.0,3.587687880140068,-1.6523607335364505
2.0,3.902634458746371,-1.60458735506548
2.0,3.2643511426775107,-0.8242885513237803
2.0,4.680417829883988,1.825200365423634
2.0,2.518519431793476,1.3775408340844577
2.0,5.782011782440144,-0.6207467558893685
2.0,4.1835361314992765,1.4717587273086152
2.0,5.1315147791399,0.4979694954926227
2.0,5.09589238671659,-0.007667981140918204
2.0,1.473351428061144,-0.9706282493295886
2.0,3.6945444558845213,-0.3415195849860912
2.0,3.5901916680491466,-1.7707707320110004
2.0,1.0052452998538888,-0.5036877137189899
2.0,2.82166875236048,-0.5372816470475265
2.0,5.439648063718861,3.79872609320445
2.0,4.004082679177525,0.38761476979806925
2.0,2.6639418105899555,1.2485171151884864
2.0,4.558971949979911,-1.0562420128128114
2.0,5.934891054930849,0.49366627514377864
2.0,4.993892523132069,1.003379463261514
2.0,3.203506642386758,-0.26866679397792576
2.0,3.7023348921668835,1.5438952538044768
2.0,4.574961654370631,0.6232718407730841
2.0,3.915315932945479,-0.15653466238834016
2.0,1.264055038293285,-0.9987116488288696
2.0,3.159811665836934,0.8583139678919817
2.0,2.1623552467142964,0.5157574593730039
2.0,4.413848154336746,0.5793408814827558
2.0,5.694213970250242,1.3914338824651717
2.0,4.331539729099953,-3.3814945541853447
2.0,4.7915933899259295,-3.1378289412600515
2.0,2.0423834802206846,-1.0039464851468152
2.0,5.483788693890353,-1.4272091415255974
2.0,3.8708249627475406,-1.1501390001037777
2.0,5.638914107846578,1.0445847542031186
2.0,0.9673981771319022,-0.4271986808093556
2.0,3.601724432782765,-4.134700464160708
2.0,1.4031895832576566,-2.9429336806917936
2.0,4.92085863206221,1.8132446531670288
2.0,1.7399796999108714,-0.22808140703980068
2.0,1.979137426430921,2.722167549739811
2.0,5.520514088132474,-0.9114347195377845
2.0,2.9118900028196544,1.1844230872348547
