date,temperature_max,temperature_min,temperature_mean,apparent_temperature_max,apparent_temperature_min,apparent_temperature_mean,dew_point_mean,relative_humidity_mean,precipitation_sum,rain_sum,snowfall_sum,precipitation_hours,sunshine_duration_hours,wind_speed_max,wind_gust_max,wind_direction_mean,shortwave_radiation_sum,cloud_cover_mean,pressure_msl_mean,et0_fao_evapotranspiration_sum,vapour_pressure_deficit_max,soil_moisture_0_to_7cm_mean
2022-05-01,24.5,9.0,17.349999999999998,23.5,7.4,15.887500000000001,6.629166666666666,55.083333333333336,1.8,1.8,0.0,3.0,11.0,14.3,32.8,247.74775522362003,25.6608,35.416666666666664,1008.1083333333332,5.140000000000001,2.39,0.13745833333333332
2022-05-02,24.2,9.5,17.004166666666666,19.8,8.2,13.4,2.733333333333333,44.375,0.0,0.0,0.0,0.0,11.0,34.4,65.5,243.64787379394548,26.1936,3.8333333333333335,1006.7624999999999,6.36,2.5,0.11270833333333334
2022-05-03,24.6,9.8,17.945833333333333,24.0,7.7,16.141666666666666,2.9958333333333336,40.458333333333336,0.0,0.0,0.0,0.0,11.0,10.6,23.0,312.112546576744,26.8704,14.208333333333334,1009.6625,5.34,2.55,0.08441666666666665
2022-05-04,28.2,11.8,20.841666666666665,25.0,9.5,17.541666666666668,-0.18333333333333326,29.916666666666668,0.1,0.1,0.0,1.0,11.0,23.6,48.2,268.8931015647574,25.398,15.166666666666666,1011.125,6.61,3.38,0.06433333333333334
2022-05-05,28.3,14.0,21.666666666666668,24.6,10.6,17.945833333333333,-5.551115123125783e-17,25.375,0.1,0.1,0.0,1.0,11.0,25.6,53.6,231.70054465255143,24.0588,68.125,1009.8791666666666,6.82,3.27,0.061625000000000006
2022-05-06,27.1,13.7,20.724999999999998,22.0,10.8,17.020833333333332,2.0749999999999997,31.291666666666668,0.0,0.0,0.0,0.0,11.0,32.4,62.3,230.9650589683522,24.0552,56.291666666666664,1008.9916666666667,6.64,3.0,0.06466666666666666
2022-05-07,27.2,11.4,19.879166666666666,23.0,9.8,16.520833333333332,2.7583333333333333,37.5,0.1,0.1,0.0,1.0,11.0,25.2,50.4,212.56762284022201,24.4224,41.5,1010.6750000000001,6.48,3.16,0.06083333333333333
2022-05-08,26.3,13.1,19.279166666666665,21.4,9.2,14.9625,-2.2666666666666666,28.416666666666668,0.1,0.1,0.0,1.0,11.0,31.9,61.6,240.5603235584271,26.28,8.791666666666666,1009.5875,7.25,2.98,0.04758333333333333
2022-05-09,23.9,8.2,17.229166666666668,21.3,4.3,13.35,-10.595833333333333,16.833333333333332,0.0,0.0,0.0,0.0,11.0,17.6,30.2,270.55339841626267,28.656,0.0,1011.5083333333333,6.3100000000000005,2.8,0.0405
2022-05-10,27.5,9.6,19.279166666666665,25.0,5.9,15.145833333333334,-8.049999999999999,17.708333333333332,0.0,0.0,0.0,0.0,11.0,27.8,62.3,262.20340900387697,26.964,8.625,1011.3208333333333,6.99,3.45,0.039
2022-05-11,29.4,12.5,21.083333333333332,25.8,8.3,16.525000000000002,-7.55,16.25,0.0,0.0,0.0,0.0,11.0,25.8,50.8,232.83198591089024,28.3248,0.0,1010.8333333333334,8.05,3.87,0.036
2022-05-12,29.3,12.2,21.266666666666666,25.8,7.9,16.545833333333334,-10.858333333333334,12.541666666666666,0.0,0.0,0.0,0.0,11.0,28.7,51.5,256.3790819958789,28.8684,0.041666666666666664,1010.9291666666667,8.14,3.86,0.035708333333333335
2022-05-13,27.3,11.6,20.120833333333334,24.6,7.7,16.245833333333334,-6.708333333333333,18.25,0.0,0.0,0.0,0.0,11.0,22.7,45.0,344.3151261212143,28.0332,6.0,1010.4125,7.08,3.42,0.0365
2022-05-14,21.7,10.6,16.337500000000002,18.4,7.6,12.620833333333332,-0.7666666666666666,34.5,0.0,0.0,0.0,0.0,11.0,20.2,42.1,17.83996388208038,25.614,22.083333333333332,1016.8958333333334,5.7,2.15,0.030625
2022-05-15,28.6,8.2,19.558333333333334,26.1,4.8,16.304166666666667,-7.533333333333332,20.75,0.0,0.0,0.0,0.0,11.0,13.8,25.6,41.87752680716525,28.6884,0.0,1015.7541666666666,6.37,3.63,0.0335
2022-05-16,33.4,12.2,23.974999999999998,30.8,7.8,19.533333333333335,-8.466666666666667,11.416666666666666,0.0,0.0,0.0,0.0,11.0,32.7,61.6,252.05805785522904,25.0812,7.333333333333333,1010.8291666666668,7.81,4.74,0.033
2022-05-17,34.0,15.2,25.15833333333333,29.5,11.4,20.720833333333335,-4.758333333333334,15.875,0.0,0.0,0.0,0.0,11.0,35.3,70.2,245.7928087262532,26.3124,48.875,1007.1041666666666,8.62,5.06,0.0325
2022-05-18,31.9,15.4,24.795833333333334,26.5,11.9,19.904166666666665,-7.175,14.166666666666666,0.0,0.0,0.0,0.0,11.0,39.5,71.6,273.4885997612045,28.8936,4.833333333333333,1009.4583333333334,9.15,4.59,0.03475
2022-05-19,31.8,15.6,24.45,29.7,12.1,21.162499999999998,-4.8374999999999995,16.291666666666668,0.0,0.0,0.0,0.0,11.0,18.9,38.5,309.78799350647193,28.5264,0.0,1010.7624999999999,7.14,4.41,0.034875
2022-05-20,33.6,15.3,25.3125,30.6,11.2,21.65833333333333,-6.441666666666666,13.208333333333334,0.0,0.0,0.0,0.0,11.0,21.3,46.1,266.7287525072873,28.242,24.458333333333332,1010.0541666666667,7.59,4.87,0.034125
2022-05-21,33.2,18.5,26.40833333333333,27.6,15.0,21.191666666666666,-5.883333333333334,14.041666666666666,0.0,0.0,0.0,0.0,11.0,34.6,65.9,261.78231717064654,28.3968,13.333333333333334,1007.9708333333333,9.97,4.8,0.03345833333333333
2022-05-22,29.4,12.6,21.8625,26.9,9.0,18.470833333333335,-7.716666666666666,16.666666666666668,0.0,0.0,0.0,0.0,11.0,12.7,24.5,57.28662437126652,29.0808,4.041666666666667,1010.8166666666666,6.7700000000000005,3.86,0.033
2022-05-23,34.2,13.4,24.72083333333333,32.7,9.7,20.679166666666667,-6.479166666666667,13.583333333333334,0.0,0.0,0.0,0.0,11.0,29.6,55.8,281.7085772268763,25.2612,11.916666666666666,1004.9708333333333,7.65,5.03,0.0325
2022-05-24,32.4,18.2,25.233333333333334,26.9,14.1,19.766666666666666,-12.174999999999999,9.833333333333334,0.0,0.0,0.0,0.0,11.0,27.7,53.3,247.95168584737274,29.7036,0.25,1003.2708333333334,9.88,4.74,0.032
2022-05-25,31.1,14.3,23.666666666666668,28.1,10.2,19.25,-10.654166666666667,11.0,0.0,0.0,0.0,0.0,11.0,26.4,45.4,258.51452591531046,29.484,0.2916666666666667,1008.9083333333333,8.37,4.34,0.0315
2022-05-26,30.6,15.7,24.108333333333334,28.0,11.5,19.891666666666666,-7.641666666666667,13.583333333333334,0.0,0.0,0.0,0.0,11.0,21.7,39.6,264.0859054273177,29.07,2.0833333333333335,1009.4041666666667,8.33,4.22,0.031
2022-05-27,29.8,15.5,23.46666666666667,28.3,12.2,20.379166666666666,-1.3708333333333333,21.083333333333332,0.0,0.0,0.0,0.0,11.0,15.8,29.5,73.86936476524068,28.4004,3.0416666666666665,1010.4625,7.21,3.75,0.0305
2022-05-28,30.4,17.2,24.15833333333333,26.8,14.0,20.7625,-1.6458333333333333,20.041666666666668,0.0,0.0,0.0,0.0,11.0,19.6,40.7,111.94790033478051,25.9776,28.291666666666668,1010.0083333333333,7.1000000000000005,3.95,0.029249999999999998
2022-05-29,30.1,15.7,23.429166666666664,27.1,11.8,19.6375,-5.2749999999999995,15.541666666666666,0.0,0.0,0.0,0.0,11.0,21.9,39.6,28.13174605960195,27.7632,17.125,1011.1333333333333,7.4399999999999995,3.88,0.029249999999999998
2022-05-30,30.2,16.1,23.775000000000002,27.9,11.9,20.158333333333335,-6.029166666666666,14.166666666666666,0.0,0.0,0.0,0.0,11.0,17.4,36.0,41.36560861640787,27.4428,18.458333333333332,1011.1208333333334,7.11,3.93,0.028625
2022-05-31,30.1,16.6,24.275000000000002,27.0,13.1,20.095833333333335,-9.904166666666667,10.625,0.0,0.0,0.0,0.0,12.0,19.5,34.6,120.90215667408357,29.0484,0.041666666666666664,1010.8041666666667,7.89,4.03,0.028458333333333335
2022-06-01,30.9,16.7,24.875,27.6,13.4,20.745833333333334,-8.804166666666667,10.833333333333334,0.0,0.0,0.0,0.0,11.0,17.1,34.2,85.5474345937522,28.6488,1.875,1011.7624999999999,7.8100000000000005,4.16,0.028
2022-06-02,32.1,17.2,25.754166666666666,29.3,12.9,21.775000000000002,-7.470833333333334,11.458333333333334,0.0,0.0,0.0,0.0,11.0,20.6,39.6,82.90983653790333,28.5048,12.416666666666666,1013.0791666666668,7.7700000000000005,4.4,0.027583333333333335
2022-06-03,33.1,19.2,26.71666666666667,31.5,15.1,23.141666666666666,-5.016666666666667,13.041666666666666,0.0,0.0,0.0,0.0,11.0,19.9,40.3,61.943357548408635,28.1196,8.875,1013.4875000000001,7.8,4.65,0.027375
2022-06-04,33.0,18.7,27.054166666666664,31.7,15.5,23.71666666666667,-3.8000000000000003,13.708333333333334,0.0,0.0,0.0,0.0,11.0,15.0,33.8,64.2513558405151,27.63,23.125,1012.7666666666668,7.5,4.57,0.026208333333333333
2022-06-05,34.1,18.3,27.708333333333332,32.9,14.8,24.7,-3.0749999999999997,14.125,0.0,0.0,0.0,0.0,11.0,21.5,40.3,323.35424652133935,28.476,28.625,1010.6041666666666,7.41,4.89,0.025791666666666668
2022-06-06,35.0,20.2,29.02916666666667,33.7,16.5,26.108333333333334,-1.7874999999999999,14.083333333333334,0.0,0.0,0.0,0.0,11.0,24.3,43.6,349.043786467732,26.5104,40.708333333333336,1008.2041666666668,7.21,5.13,0.025000000000000005
2022-06-07,35.6,21.1,29.77916666666667,33.3,18.1,26.566666666666666,-2.0708333333333333,13.708333333333334,0.0,0.0,0.0,0.0,11.0,17.3,31.3,293.54253196294087,25.8192,49.75,1007.3375,7.5,5.35,0.024541666666666666
2022-06-08,37.3,21.3,30.479166666666668,34.6,18.0,26.65416666666667,-4.945833333333334,10.958333333333334,0.0,0.0,0.0,0.0,11.0,21.3,44.3,257.80139720113937,27.1512,18.333333333333332,1007.5541666666667,8.63,6.04,0.023833333333333335
2022-06-09,37.3,22.7,30.691666666666666,33.9,18.3,25.604166666666668,-4.6875,10.625,0.0,0.0,0.0,0.0,12.0,29.2,58.3,253.4448078446884,28.7496,1.2083333333333333,1005.5916666666667,11.03,6.0,0.023000000000000003
2022-06-10,36.6,21.1,29.47083333333333,32.6,17.2,25.28333333333333,-10.083333333333334,8.833333333333334,0.0,0.0,0.0,0.0,13.0,17.6,36.4,282.7930495565583,29.5236,0.08333333333333333,1004.6291666666666,8.75,5.99,0.022541666666666665
2022-06-11,34.6,18.0,27.641666666666666,32.6,13.3,23.829166666666666,-10.658333333333333,8.083333333333334,0.0,0.0,0.0,0.0,13.0,13.4,22.7,25.869767594581454,29.6784,0.0,1004.3833333333333,7.74,5.25,0.024416666666666666
2022-06-12,34.6,19.0,27.729166666666668,31.8,16.0,24.412499999999998,-1.2375,16.708333333333332,0.0,0.0,0.0,0.0,12.0,19.8,37.8,117.58441944577129,29.0808,1.2916666666666667,1002.9499999999999,8.32,5.04,0.024374999999999997
2022-06-13,36.1,20.6,29.175,35.0,17.2,26.25,-2.4833333333333334,14.416666666666666,0.0,0.0,0.0,0.0,12.0,25.2,43.9,195.39398527441278,29.1744,0.125,1003.2833333333333,7.64,5.61,0.022375000000000003
2022-06-14,37.0,22.0,29.8125,34.2,18.1,26.129166666666666,-5.125,11.5,0.0,0.0,0.0,0.0,12.0,17.9,33.5,251.18845649881325,29.0052,0.875,1005.7291666666666,8.65,6.05,0.019125
2022-06-15,36.4,19.4,29.40416666666667,34.5,15.8,25.72083333333333,-6.295833333333333,10.583333333333334,0.0,0.0,0.0,0.0,12.0,24.0,42.5,271.5922843621071,29.34,0.0,1006.4708333333333,8.41,5.77,0.01858333333333333
2022-06-16,36.8,19.8,29.59166666666667,35.5,15.6,26.104166666666668,-7.370833333333334,9.708333333333334,0.0,0.0,0.0,0.0,13.0,13.8,25.6,349.2411503960043,29.5668,0.0,1005.6708333333332,7.82,5.95,0.016999999999999998
2022-06-17,35.8,22.3,29.28333333333333,33.6,18.6,26.258333333333336,-0.9249999999999999,14.958333333333334,0.0,0.0,0.0,0.0,12.0,15.8,33.1,47.23101785641056,29.106,0.0,1007.2208333333333,8.17,5.37,0.017791666666666667
2022-06-18,37.1,21.2,29.704166666666666,35.0,18.0,26.462500000000002,-0.5875,15.5,0.0,0.0,0.0,0.0,12.0,17.1,30.6,113.05940247669074,28.926,0.0,1007.0583333333334,8.62,5.78,0.01775
2022-06-19,38.0,23.2,30.983333333333334,36.2,20.0,27.866666666666664,-1.0708333333333333,13.75,0.0,0.0,0.0,0.0,12.0,18.4,36.7,86.57411938052337,28.8684,1.7916666666666667,1006.4583333333334,8.45,6.16,0.020375
2022-06-20,38.2,22.6,30.77916666666667,35.9,19.8,27.695833333333336,0.12083333333333335,14.833333333333334,0.0,0.0,0.0,0.0,12.0,28.1,51.1,48.42708792807715,27.936,4.458333333333333,1006.4833333333332,8.52,6.22,0.025541666666666667
2022-06-21,36.1,21.0,29.27916666666667,34.6,18.1,26.445833333333336,1.225,17.625,0.0,0.0,0.0,0.0,12.0,15.3,31.3,115.73316448285338,28.548,1.9583333333333333,1002.875,8.17,5.34,0.022875000000000003
2022-06-22,38.1,22.0,30.02916666666667,35.1,19.9,25.9375,-3.1958333333333333,14.041666666666666,0.0,0.0,0.0,0.0,12.0,31.4,60.5,257.27883496473487,28.512,0.375,997.7083333333334,9.67,6.32,0.021500000000000002
2022-06-23,36.1,20.7,28.770833333333332,31.4,17.3,23.929166666666664,-6.945833333333333,11.375,0.0,0.0,0.0,0.0,12.0,32.0,63.4,241.38882881119793,29.358,0.0,1002.6624999999999,9.99,5.72,0.02725
2022-06-24,35.6,18.0,27.3125,33.4,13.9,23.120833333333334,-9.6875,9.5,0.0,0.0,0.0,0.0,12.0,24.7,47.5,262.2253503981812,29.664,0.0,1006.5916666666667,8.75,5.63,0.027625
2022-06-25,35.1,19.7,28.495833333333334,33.5,15.8,24.795833333333334,-7.604166666666667,10.708333333333334,0.0,0.0,0.0,0.0,12.0,16.2,28.8,247.0619614381701,29.3292,0.0,1005.6291666666666,8.13,5.37,0.02625
2022-06-26,38.3,20.1,30.224999999999998,35.1,16.5,26.041666666666668,-5.104166666666667,10.625,0.0,0.0,0.0,0.0,11.0,23.7,51.8,250.51803883982979,24.8436,24.166666666666668,1002.6458333333334,8.59,6.36,0.02366666666666667
2022-06-27,37.9,20.0,30.34583333333333,35.4,16.8,27.15833333333333,-3.4,12.458333333333334,0.0,0.0,0.0,0.0,12.0,15.5,30.6,193.0046610466453,28.9908,0.0,1002.0458333333332,7.98,6.17,0.023624999999999997
2022-06-28,40.2,22.1,32.46666666666667,38.7,18.1,28.875,-6.433333333333334,8.291666666666666,0.0,0.0,0.0,0.0,11.0,18.1,29.5,233.00818681998868,27.954,10.0,1001.3583333333332,8.3,7.07,0.030875
2022-06-29,41.5,22.5,32.854166666666664,38.5,18.8,29.208333333333332,-6.604166666666667,8.208333333333334,0.0,0.0,0.0,0.0,12.0,17.2,42.5,59.7412640070752,28.3788,8.333333333333334,1000.5458333333332,8.44,7.64,0.03204166666666667
2022-06-30,40.3,24.1,33.300000000000004,36.7,19.7,28.875,-7.55,7.25,0.0,0.0,0.0,0.0,12.0,24.8,45.0,105.6152915668341,28.8972,0.0,1000.2458333333334,9.85,7.14,0.03125
2022-07-01,40.4,23.8,33.24166666666667,36.9,20.2,29.416666666666668,-4.2250000000000005,9.458333333333334,0.0,0.0,0.0,0.0,12.0,20.1,41.8,102.70443984474313,28.7496,0.0,999.9458333333333,9.24,7.12,0.030875
2022-07-02,41.4,23.1,33.7125,39.0,20.2,30.47083333333333,-3.0666666666666664,10.5,0.0,0.0,0.0,0.0,12.0,15.5,31.0,101.98224352844606,28.6164,0.0,996.7458333333334,8.48,7.5,0.032625
2022-07-03,41.6,24.0,33.2125,39.2,20.9,29.933333333333334,-1.425,11.833333333333334,0.0,0.0,0.0,0.0,12.0,20.4,39.6,71.72913489637618,28.5516,0.0,994.9916666666667,8.92,7.55,0.033625
2022-07-04,37.0,21.7,28.662499999999998,34.8,19.4,26.5125,6.8999999999999995,26.75,0.0,0.0,0.0,0.0,12.0,25.6,49.0,21.37175519750435,27.954,0.0,1000.6208333333334,8.46,5.39,0.03233333333333333
2022-07-05,33.5,19.5,26.9375,31.8,17.3,24.90833333333333,6.345833333333334,28.5,0.0,0.0,0.0,0.0,12.0,21.4,40.0,29.339685850055655,27.738,0.0,1004.2291666666666,7.7,4.21,0.026125
2022-07-06,35.5,19.3,27.8125,34.0,17.2,25.383333333333336,3.65,22.583333333333332,0.0,0.0,0.0,0.0,12.0,20.9,39.6,97.14844802449237,27.8928,0.0,1004.75,7.82,4.98,0.018208333333333333
2022-07-07,35.8,19.7,28.65833333333333,33.4,17.3,25.929166666666664,2.2333333333333334,19.291666666666668,0.0,0.0,0.0,0.0,12.0,17.4,33.8,107.71701360034716,27.5148,0.875,1005.7958333333332,7.86,5.15,0.015
2022-07-08,39.2,24.7,32.49166666666667,37.4,22.6,30.075,2.341666666666667,15.625,0.0,0.0,0.0,0.0,10.0,13.9,30.2,124.78413062475823,25.524,25.875,1000.8916666666668,7.51,6.33,0.013999999999999999
2022-07-09,39.9,23.5,32.52916666666667,38.8,20.5,29.558333333333334,0.375,13.5,0.0,0.0,0.0,0.0,11.0,21.7,38.9,73.75998147853369,26.3268,25.208333333333332,997.8625000000001,8.42,6.67,0.01475
2022-07-10,39.7,23.4,32.06666666666667,37.0,19.7,28.775000000000002,-1.5125,12.125,0.0,0.0,0.0,0.0,12.0,14.8,34.6,59.11190901752552,27.7812,1.5,998.7541666666666,8.53,6.67,0.015875
2022-07-11,39.3,23.2,32.483333333333334,37.2,20.0,29.28333333333333,-0.975,12.416666666666666,0.0,0.0,0.0,0.0,11.0,15.5,27.7,80.42899360449744,25.4412,36.416666666666664,1001.4958333333334,8.01,6.5,0.013958333333333335
2022-07-12,38.2,26.1,32.44583333333333,35.0,22.7,28.629166666666666,-1.9666666666666668,11.375,0.0,0.0,0.0,0.0,11.0,25.6,46.4,92.67390977833108,26.6724,30.666666666666668,1005.9791666666666,9.27,6.17,0.01375
2022-07-13,35.2,22.0,28.875,30.4,17.9,24.4375,-5.416666666666667,11.666666666666666,0.0,0.0,0.0,0.0,12.0,24.6,50.0,12.059573798590543,28.4688,0.3333333333333333,1006.9,9.35,5.36,0.012708333333333334
2022-07-14,33.8,17.6,26.775000000000002,31.6,14.0,23.22083333333333,-5.304166666666666,12.541666666666666,0.0,0.0,0.0,0.0,12.0,16.1,30.2,30.49454039625845,28.5012,0.0,1005.65,7.81,4.83,0.008208333333333333
2022-07-15,34.9,18.5,27.5,32.4,14.6,23.625,-2.8083333333333336,14.166666666666666,0.0,0.0,0.0,0.0,12.0,21.7,44.3,24.167592209273224,28.0116,0.0,1007.1125000000001,8.6,5.07,0.0053750000000000004
2022-07-16,34.6,19.8,27.883333333333336,32.1,15.9,24.4375,-2.591666666666667,14.875,0.0,0.0,0.0,0.0,12.0,18.4,38.2,32.229594356019426,28.116,0.0,1007.0916666666667,8.22,5.05,0.004833333333333334
2022-07-17,35.5,19.7,28.537499999999998,32.5,16.0,24.895833333333332,-6.8875,10.666666666666666,0.0,0.0,0.0,0.0,12.0,20.4,35.3,27.291336639574766,28.35,0.0,1006.2583333333333,7.71,5.46,0.002625
2022-07-18,36.1,19.3,29.454166666666666,34.0,15.4,25.991666666666664,-6.2124999999999995,10.25,0.0,0.0,0.0,0.0,12.0,14.0,28.8,58.9535924979195,28.2132,0.0,1006.2583333333333,7.58,5.61,0.006000000000000001
2022-07-19,36.1,21.3,29.6875,33.5,17.7,26.15833333333333,-4.770833333333333,11.125,0.0,0.0,0.0,0.0,12.0,18.6,33.8,37.56445390932266,28.0368,0.0,1006.8125,8.02,5.55,0.005625000000000001
2022-07-20,36.4,20.4,30.037499999999998,34.7,16.3,26.712500000000002,-4.904166666666667,10.75,0.0,0.0,0.0,0.0,12.0,15.8,28.8,34.94993981255469,28.0692,0.0,1004.7708333333334,7.64,5.66,0.003833333333333333
2022-07-21,37.6,20.8,30.525000000000002,36.3,17.7,27.604166666666668,-1.9041666666666668,13.166666666666666,0.0,0.0,0.0,0.0,12.0,9.7,24.8,67.21032999952303,27.7884,0.0,1002.3666666666667,7.48,6.0,0.002375
2022-07-22,39.3,23.1,32.74166666666667,38.7,20.3,30.262500000000003,-0.18333333333333335,13.041666666666666,0.0,0.0,0.0,0.0,12.0,14.0,25.6,41.40728346466098,27.0432,9.0,1001.7166666666667,7.2,6.52,0.00325
2022-07-23,41.0,23.6,32.895833333333336,38.5,20.9,30.2,-0.04583333333333333,13.5,0.0,0.0,0.0,0.0,11.0,18.5,36.7,74.4155237951921,26.5824,9.5,999.7583333333333,7.64,7.3,0.0026666666666666666
2022-07-24,40.5,23.8,33.00833333333333,39.1,21.1,29.795833333333334,-0.47500000000000003,12.958333333333334,0.0,0.0,0.0,0.0,11.0,21.5,37.4,210.46599615135315,25.1244,19.666666666666668,997.0458333333332,8.5,6.89,0.0036666666666666666
2022-07-25,39.6,24.8,32.354166666666664,37.1,19.8,28.116666666666664,-9.200000000000001,7.458333333333333,0.0,0.0,0.0,0.0,12.0,17.5,32.0,255.17097904289616,27.8496,5.083333333333333,997.9458333333333,9.11,6.89,0.0013750000000000001
2022-07-26,39.1,23.5,31.854166666666668,37.0,21.3,29.895833333333332,6.095833333333334,21.75,0.0,0.0,0.0,0.0,12.0,14.2,34.2,58.40316256106824,26.9532,10.583333333333334,1000.0,8.05,6.23,0.0004583333333333333
2022-07-27,39.2,25.2,33.175000000000004,37.7,23.6,31.195833333333336,7.379166666666666,21.625,0.0,0.0,0.0,0.0,11.0,20.5,38.2,77.01610410382976,25.0632,19.25,999.7208333333333,8.38,6.15,0.0
2022-07-28,36.4,24.6,30.391666666666666,37.7,25.4,30.691666666666666,14.5875,39.5,0.1,0.1,0.0,1.0,11.0,22.3,45.7,99.13165012845151,24.0012,32.541666666666664,1004.4041666666667,6.92,4.54,0.0013750000000000001
2022-07-29,33.6,22.7,27.625,34.3,23.7,28.40416666666667,16.075,50.666666666666664,2.2,2.2,0.0,4.0,11.0,17.7,41.0,103.64153883413819,22.6368,56.375,1008.2375000000001,6.0200000000000005,3.44,0.028375
2022-07-30,32.5,21.8,27.195833333333336,32.8,24.0,27.75833333333333,14.433333333333332,48.541666666666664,0.0,0.0,0.0,0.0,11.0,17.7,38.9,92.64498207488323,24.2028,28.708333333333332,1008.6041666666666,6.21,3.45,0.047125
2022-07-31,33.2,22.7,28.141666666666666,32.0,23.2,27.5125,10.820833333333333,36.25,0.0,0.0,0.0,0.0,11.0,13.9,31.7,104.00964445245158,22.9248,27.666666666666668,1005.3166666666666,6.2,4.1,0.046625
2022-08-01,35.4,22.7,30.058333333333334,34.3,21.0,27.900000000000002,5.795833333333333,23.75,0.0,0.0,0.0,0.0,11.0,16.8,31.7,74.30504437659447,23.5188,26.833333333333332,1004.2875,7.39,4.86,0.04724999999999999
2022-08-02,36.8,23.5,30.55,35.8,21.3,28.145833333333332,3.141666666666667,18.625,0.0,0.0,0.0,0.0,11.0,20.1,37.8,37.50846720133963,25.0992,14.291666666666666,1005.5333333333333,7.47,5.53,0.04700000000000001
2022-08-03,37.2,22.0,30.78333333333333,35.7,19.5,27.879166666666666,2.6,17.708333333333332,0.0,0.0,0.0,0.0,11.0,24.1,48.6,79.0945085412399,25.4916,13.0,1006.9541666666668,8.290000000000001,5.64,0.044125
2022-08-04,39.2,23.1,31.71666666666667,37.8,20.4,28.733333333333334,1.6666666666666667,15.666666666666666,0.0,0.0,0.0,0.0,11.0,25.3,50.8,86.82649187981252,26.0388,10.291666666666666,1006.8791666666666,8.51,6.46,0.042
2022-08-05,37.8,23.4,31.21666666666667,36.1,20.6,28.212500000000002,1.8583333333333334,15.958333333333334,0.0,0.0,0.0,0.0,11.0,21.4,37.8,95.99567654671347,26.568,0.375,1005.9125,8.42,5.91,0.041875
2022-08-06,37.5,22.5,30.579166666666666,36.0,19.6,27.925,2.3,17.291666666666668,0.0,0.0,0.0,0.0,11.0,14.0,28.8,108.06735993318013,26.3736,2.25,1004.0375,7.78,5.73,0.042583333333333334
2022-08-07,38.6,23.7,31.912499999999998,38.3,20.7,29.575,2.129166666666667,15.916666666666666,0.0,0.0,0.0,0.0,11.0,12.0,28.4,57.44985293666173,26.3376,10.25,1001.8874999999999,7.3100000000000005,6.12,0.04624999999999999
2022-08-08,39.6,23.3,32.6625,38.8,22.2,30.9875,5.170833333333333,19.75,0.0,0.0,0.0,0.0,11.0,15.4,27.7,2.88721477928742,25.5816,14.958333333333334,1002.4583333333334,7.22,6.44,0.044125
2022-08-09,39.9,25.9,33.483333333333334,39.4,24.0,31.395833333333332,3.8958333333333335,16.416666666666668,0.0,0.0,0.0,0.0,11.0,16.4,28.4,35.42128526976784,25.2432,27.5,1002.0583333333334,7.38,6.6,0.038625
2022-08-10,38.4,24.9,32.016666666666666,37.1,23.3,30.579166666666666,7.620833333333334,23.625,0.0,0.0,0.0,0.0,11.0,13.1,30.2,49.20999118926501,24.9624,25.333333333333332,1003.3249999999999,7.3,5.88,0.034791666666666665
2022-08-11,36.3,24.5,30.570833333333336,35.3,23.6,28.920833333333334,6.1000000000000005,22.041666666666668,0.0,0.0,0.0,0.0,11.0,16.4,31.0,95.15673978404425,25.4808,2.625,1005.6958333333333,7.06,5.1,0.04020833333333334
2022-08-12,35.5,22.2,28.391666666666666,33.4,19.6,24.9875,-1.5833333333333333,15.583333333333334,0.0,0.0,0.0,0.0,11.0,24.5,54.0,59.70569908908224,26.4852,0.0,1007.3041666666667,7.97,5.32,0.0415
2022-08-13,34.2,17.7,26.575,31.6,13.6,22.662499999999998,-7.4125000000000005,10.708333333333334,0.0,0.0,0.0,0.0,11.0,19.4,38.9,23.92333755045758,27.0504,0.0,1007.1541666666667,7.67,5.04,0.042874999999999996
2022-08-14,33.5,16.3,26.575,31.8,12.4,23.27916666666667,-4.891666666666667,13.25,0.0,0.0,0.0,0.0,11.0,18.5,32.0,5.769677862908423,26.8704,0.0,1006.8000000000001,6.94,4.73,0.043000000000000003
2022-08-15,36.4,17.9,28.379166666666666,34.0,14.6,25.145833333333332,-2.0125,14.833333333333334,0.0,0.0,0.0,0.0,11.0,26.8,49.7,2.6268033844935115,26.2836,0.5,1007.1791666666667,7.57,5.62,0.041833333333333333
2022-08-16,37.5,19.7,29.162499999999998,34.7,16.4,25.679166666666664,-3.408333333333333,12.916666666666666,0.0,0.0,0.0,0.0,11.0,25.5,54.7,38.73265630482294,26.4024,0.0,1007.5583333333334,7.81,6.06,0.04045833333333334
2022-08-17,35.1,20.3,28.008333333333336,32.6,17.6,24.46666666666667,-4.445833333333334,12.416666666666666,0.0,0.0,0.0,0.0,11.0,21.4,44.6,37.00516914204583,26.4744,0.0,1007.3458333333333,7.38,5.23,0.04025
2022-08-18,33.6,18.2,26.90833333333333,32.1,15.0,23.724999999999998,-5.258333333333334,12.291666666666666,0.0,0.0,0.0,0.0,11.0,16.8,29.2,12.986927979083008,26.4528,0.0,1006.6833333333334,6.62,4.81,0.04541666666666667
2022-08-19,33.0,17.2,26.40416666666667,30.5,13.6,23.03333333333333,-5.829166666666667,12.208333333333334,0.0,0.0,0.0,0.0,11.0,11.2,28.4,84.96860400804562,26.1756,0.041666666666666664,1006.1583333333333,6.58,4.61,0.046375
2022-08-20,33.6,20.9,27.370833333333334,31.5,16.9,23.875,-4.529166666666667,12.75,0.0,0.0,0.0,0.0,11.0,17.5,35.6,102.55485862973893,25.92,4.125,1007.0166666666668,7.18,4.78,0.03929166666666666
2022-08-21,32.6,17.9,26.366666666666664,29.2,13.7,22.416666666666668,-7.325,10.75,0.0,0.0,0.0,0.0,11.0,12.7,27.7,114.80310033752545,24.4872,13.333333333333334,1007.9208333333332,6.94,4.57,0.03825
2022-08-22,32.6,19.7,26.633333333333336,30.1,16.1,23.15833333333333,-2.9916666666666667,14.708333333333334,0.0,0.0,0.0,0.0,11.0,19.5,37.1,112.09751650545026,25.5924,9.375,1008.2541666666666,7.24,4.43,0.03775
2022-08-23,32.8,19.2,26.1375,29.6,15.2,22.383333333333336,-3.404166666666667,15.166666666666666,0.0,0.0,0.0,0.0,11.0,18.2,34.2,112.4227999193505,25.6932,0.16666666666666666,1009.4,7.55,4.53,0.03329166666666667
2022-08-24,30.6,18.1,24.691666666666666,28.3,15.0,21.183333333333334,-3.2458333333333336,15.833333333333334,0.0,0.0,0.0,0.0,11.0,14.7,33.5,91.9965524573501,25.3476,0.0,1012.8958333333334,6.92,3.86,0.032125
2022-08-25,29.8,17.3,23.308333333333334,26.9,13.4,19.666666666666668,-6.833333333333333,13.5,0.0,0.0,0.0,0.0,11.0,15.1,34.2,98.0427341914664,25.902,0.0,1013.1208333333334,6.52,3.85,0.030875
2022-08-26,29.7,14.3,22.97083333333333,27.0,10.6,19.400000000000002,-9.512500000000001,11.625,0.0,0.0,0.0,0.0,11.0,10.5,26.3,96.83246358041877,26.2584,0.0,1012.5083333333333,6.16,3.92,0.02625
2022-08-27,30.0,14.3,23.34583333333333,27.3,10.7,19.691666666666666,-9.108333333333333,11.75,0.0,0.0,0.0,0.0,11.0,12.8,27.7,92.9895383898952,25.9632,0.0,1012.9833333333332,6.37,3.92,0.0255
2022-08-28,30.4,15.6,23.379166666666666,27.6,11.7,19.554166666666667,-12.5375,8.916666666666666,0.0,0.0,0.0,0.0,11.0,10.2,24.1,94.60103437275247,26.1576,0.0,1013.0833333333334,6.21,4.12,0.024749999999999998
2022-08-29,30.3,13.5,23.116666666666664,28.3,9.4,19.337500000000002,-10.541666666666666,10.291666666666666,0.0,0.0,0.0,0.0,11.0,12.6,22.3,154.8971053238117,25.74,0.0,1014.0583333333334,6.33,4.01,0.025875
2022-08-30,31.5,16.3,25.0,29.0,13.0,21.40416666666667,-7.741666666666667,11.416666666666666,0.0,0.0,0.0,0.0,11.0,14.7,25.9,70.41799535881776,25.3836,0.0,1014.6166666666667,6.44,4.28,0.027583333333333335
2022-08-31,31.6,18.6,25.391666666666666,29.2,15.6,21.808333333333334,-6.8374999999999995,12.041666666666666,0.0,0.0,0.0,0.0,11.0,17.6,29.9,59.05806797772067,25.308,0.0,1013.4083333333333,6.51,4.32,0.02729166666666667
2022-09-01,31.7,18.0,25.191666666666666,29.4,14.1,21.670833333333334,-8.083333333333334,11.25,0.0,0.0,0.0,0.0,11.0,10.9,22.7,95.53039717157915,25.3548,0.0,1012.4458333333333,6.24,4.39,0.027083333333333334
2022-09-02,32.7,15.7,25.579166666666666,30.9,11.8,22.075,-8.270833333333334,10.625,0.0,0.0,0.0,0.0,11.0,17.4,29.9,26.52458485289108,25.1064,0.0,1013.4041666666667,6.24,4.61,0.029375
2022-09-03,33.2,16.2,26.025000000000002,31.5,12.3,22.55,-7.920833333333333,10.875,0.0,0.0,0.0,0.0,11.0,15.5,28.1,33.85590784515838,24.948,0.0,1013.1750000000001,6.23,4.76,0.030375
2022-09-04,33.8,16.1,26.104166666666668,31.8,12.2,22.620833333333334,-8.204166666666667,10.625,0.0,0.0,0.0,0.0,11.0,13.6,23.8,74.68051548663979,24.948,0.0,1009.9875000000001,6.19,4.94,0.03225
2022-09-05,34.0,17.2,26.78333333333333,31.4,13.4,23.09166666666667,-7.5249999999999995,10.875,0.0,0.0,0.0,0.0,11.0,16.3,29.9,19.598684625845248,24.8184,0.0,1008.0541666666667,6.69,5.02,0.029249999999999998
2022-09-06,33.6,16.4,26.266666666666666,31.0,12.7,22.608333333333334,-7.745833333333334,10.791666666666666,0.0,0.0,0.0,0.0,11.0,14.3,27.7,102.85625592146636,24.6924,0.0,1008.5416666666666,6.45,4.89,0.028708333333333336
2022-09-07,34.2,16.2,26.6375,31.9,12.0,23.129166666666666,-5.683333333333334,12.291666666666666,0.0,0.0,0.0,0.0,11.0,12.4,23.0,96.82828784162083,24.2892,1.25,1009.1333333333333,6.46,5.0,0.02825
2022-09-08,35.3,18.4,27.454166666666666,32.6,14.8,23.78333333333333,-5.679166666666667,11.791666666666666,0.0,0.0,0.0,0.0,11.0,17.5,35.6,72.54363903526787,24.066,5.666666666666667,1011.1166666666667,6.81,5.33,0.030875000000000003
2022-09-09,35.2,18.6,28.804166666666664,33.6,14.8,25.554166666666664,-5.316666666666666,10.958333333333334,0.0,0.0,0.0,0.0,11.0,10.1,22.7,86.75729204335228,23.5152,22.25,1011.0083333333333,6.18,5.28,0.032625
2022-09-10,36.0,20.3,28.59166666666667,33.8,17.1,25.275000000000002,-1.9083333333333332,14.958333333333334,0.0,0.0,0.0,0.0,10.0,19.6,37.4,323.8978379947606,22.5288,19.916666666666668,1009.0416666666666,6.89,5.54,0.03216666666666667
2022-09-11,33.1,18.7,26.425,31.7,16.4,24.162499999999998,3.733333333333333,24.708333333333332,0.0,0.0,0.0,0.0,11.0,21.7,40.7,349.89572104922553,23.3604,3.4583333333333335,1008.5500000000001,6.21,4.45,0.032
2022-09-12,31.0,19.2,24.925,29.1,17.3,22.520833333333332,3.0375,25.75,0.0,0.0,0.0,0.0,11.0,16.7,31.0,93.63444953448834,22.9932,2.5,1008.6291666666666,6.08,3.74,0.03133333333333333
2022-09-13,33.0,16.3,25.545833333333334,31.7,13.4,22.72083333333333,-3.1791666666666667,15.958333333333334,0.0,0.0,0.0,0.0,11.0,13.6,23.4,288.4370265019937,23.5512,0.0,1007.6708333333332,5.45,4.56,0.031
2022-09-14,34.8,16.1,26.599999999999998,32.3,12.6,23.02916666666667,-4.1875,14.625,0.0,0.0,0.0,0.0,11.0,19.6,37.1,260.30185630869875,23.202,0.9583333333333334,1008.85,6.7,5.19,0.0305
2022-09-15,35.1,18.7,27.175,31.6,15.0,22.995833333333334,-2.1333333333333333,15.75,0.0,0.0,0.0,0.0,11.0,27.8,50.8,250.1264197178226,23.2848,0.0,1008.6750000000001,8.17,5.17,0.03
2022-09-16,32.2,15.9,25.02916666666667,29.6,12.3,21.741666666666664,-2.2958333333333334,17.75,0.0,0.0,0.0,0.0,11.0,13.3,27.0,113.81488748014038,23.2272,0.0,1007.8583333333332,6.33,4.34,0.0295
2022-09-17,31.6,16.2,24.78333333333333,29.6,13.4,22.129166666666666,0.5333333333333333,22.416666666666668,0.0,0.0,0.0,0.0,11.0,12.2,27.4,70.66696745927207,22.8672,1.9583333333333333,1007.8458333333333,5.71,4.09,0.028749999999999998
2022-09-18,31.5,17.0,25.22083333333333,29.0,14.4,22.1875,-1.075,18.833333333333332,0.0,0.0,0.0,0.0,11.0,12.7,28.4,92.6333434239956,22.3704,5.416666666666667,1010.6333333333333,5.88,4.08,0.026625
2022-09-19,32.7,16.8,25.520833333333332,31.0,13.4,22.46666666666667,-2.154166666666667,16.958333333333332,0.0,0.0,0.0,0.0,10.0,12.2,23.8,88.81536918452778,21.5136,20.958333333333332,1010.375,5.59,4.42,0.025625
2022-09-20,32.6,17.1,25.7,30.7,14.0,22.679166666666664,-0.6791666666666667,19.0,0.0,0.0,0.0,0.0,10.0,14.4,25.9,250.11023619950805,20.0484,38.75,1009.9958333333334,5.69,4.39,0.025875
2022-09-21,31.7,18.6,24.7625,28.9,16.3,21.941666666666666,2.625,25.125,0.2,0.2,0.0,2.0,10.0,21.9,40.3,266.49312226395716,15.9732,69.66666666666667,1011.1333333333333,5.11,4.14,0.024791666666666667
2022-09-22,31.4,18.4,24.97083333333333,29.4,16.8,22.670833333333334,3.4416666666666664,26.958333333333332,0.0,0.0,0.0,0.0,9.0,12.6,27.4,234.12499205122128,17.892,52.666666666666664,1011.0124999999999,5.05,3.93,0.022500000000000003
2022-09-23,32.2,16.1,24.8875,30.0,13.7,22.120833333333334,0.30833333333333335,22.75,0.0,0.0,0.0,0.0,10.0,15.5,29.9,255.6248889208167,20.808,15.125,1011.4333333333334,5.47,4.4,0.022125000000000002
2022-09-24,32.9,17.1,25.3875,30.7,13.4,22.333333333333332,-2.5416666666666665,17.166666666666668,0.0,0.0,0.0,0.0,11.0,10.8,23.4,315.4010825571615,21.942,0.0,1011.5291666666667,5.4399999999999995,4.56,0.019666666666666666
2022-09-25,33.4,15.1,25.383333333333336,31.6,11.5,21.974999999999998,-5.0249999999999995,14.458333333333334,0.0,0.0,0.0,0.0,11.0,15.4,26.6,66.72765263446459,21.942,0.0,1010.025,5.6899999999999995,4.73,0.02075
2022-09-26,32.7,16.5,25.525000000000002,29.0,12.7,21.412499999999998,-5.758333333333333,13.041666666666666,0.0,0.0,0.0,0.0,11.0,19.8,40.3,95.61706192103767,21.9024,0.0,1011.7875,6.7,4.6,0.024500000000000004
2022-09-27,31.8,16.1,24.349999999999998,28.4,12.7,20.658333333333335,-5.441666666666666,14.666666666666666,0.0,0.0,0.0,0.0,10.0,13.8,28.8,101.09648571217136,21.7224,0.0,1011.6999999999999,5.96,4.33,0.026375
2022-09-28,31.6,14.4,23.791666666666668,27.6,10.5,19.604166666666668,-8.762500000000001,11.958333333333334,0.0,0.0,0.0,0.0,10.0,18.1,37.4,93.88311393633494,21.7044,0.0,1009.9458333333333,6.29,4.38,0.025124999999999998
2022-09-29,30.7,15.2,23.474999999999998,27.7,11.0,19.579166666666666,-8.516666666666667,12.208333333333334,0.0,0.0,0.0,0.0,10.0,14.0,30.2,53.75045895483717,21.5892,0.0,1010.3208333333333,5.69,4.13,0.023250000000000003
2022-09-30,30.5,13.0,23.008333333333336,28.1,9.2,19.5125,-7.883333333333333,13.083333333333334,0.0,0.0,0.0,0.0,10.0,8.4,22.0,231.62414469135066,21.3012,0.0,1012.8291666666668,4.9,4.04,0.021625000000000002
2022-10-01,30.5,12.7,22.520833333333332,27.8,8.5,18.866666666666667,-7.4125000000000005,14.166666666666666,0.0,0.0,0.0,0.0,10.0,9.7,22.0,57.31266878363187,21.1248,0.0,1012.9708333333333,5.22,4.05,0.01970833333333333
2022-10-02,29.0,14.2,22.479166666666668,25.6,11.7,19.3,-0.39166666666666666,22.916666666666668,0.0,0.0,0.0,0.0,10.0,14.4,32.4,119.74316129212849,20.4768,4.333333333333333,1011.9125,5.43,3.47,0.02025
2022-10-03,30.7,12.4,22.083333333333332,28.1,10.3,19.208333333333332,-2.658333333333333,23.583333333333332,0.0,0.0,0.0,0.0,10.0,13.7,30.2,243.01724133474008,20.07,10.333333333333334,1011.7208333333333,4.74,4.13,0.02075
2022-10-04,29.4,12.7,21.883333333333336,27.7,8.3,18.270833333333332,-7.104166666666667,14.916666666666666,0.0,0.0,0.0,0.0,10.0,12.0,19.8,258.81681743105105,20.5452,0.0,1015.9625,4.99,3.75,0.022083333333333333
2022-10-05,29.5,13.9,22.45,26.7,9.8,18.712500000000002,-5.108333333333333,16.583333333333332,0.0,0.0,0.0,0.0,10.0,14.6,25.6,17.441303339518036,20.1888,0.0,1018.025,5.44,3.69,0.021708333333333333
2022-10-06,28.8,13.4,21.84583333333333,26.5,9.7,18.408333333333335,-4.7625,18.25,0.0,0.0,0.0,0.0,10.0,13.8,23.4,356.44984287732984,20.2212,0.0,1016.6041666666666,4.96,3.6,0.01975
2022-10-07,27.2,11.6,20.650000000000002,24.2,8.0,17.133333333333333,-5.483333333333333,17.666666666666668,0.0,0.0,0.0,0.0,10.0,12.3,29.5,37.325489444006216,20.1168,0.0,1017.375,4.82,3.21,0.018625
2022-10-08,25.0,10.1,18.825,21.9,6.6,15.295833333333334,-5.445833333333333,19.916666666666668,0.0,0.0,0.0,0.0,10.0,10.7,24.5,131.63616369874597,19.8396,0.0,1018.975,4.58,2.78,0.015125
2022-10-09,26.5,11.1,19.370833333333334,24.0,7.9,16.287499999999998,-2.058333333333333,25.666666666666668,0.0,0.0,0.0,0.0,10.0,12.2,21.2,104.54751267146828,19.5516,0.0,1018.5166666666668,4.61,2.99,0.013125
2022-10-10,27.5,10.3,19.55,25.4,6.9,16.241666666666667,-5.3,19.583333333333332,0.0,0.0,0.0,0.0,10.0,12.2,20.9,267.9545021875434,19.5156,0.16666666666666666,1017.8916666666668,4.43,3.28,0.008875
2022-10-11,27.9,10.9,20.416666666666668,25.7,7.1,17.029166666666665,-4.491666666666666,19.791666666666668,0.0,0.0,0.0,0.0,10.0,10.8,17.6,249.82982346669644,19.3068,1.2083333333333333,1015.525,4.65,3.35,0.005875000000000001
2022-10-12,28.2,11.4,20.604166666666668,25.0,8.0,16.958333333333332,-4.575,20.416666666666668,0.0,0.0,0.0,0.0,10.0,12.9,25.9,224.1749277501415,19.3716,0.0,1013.85,4.97,3.48,0.002
2022-10-13,27.1,9.8,19.2375,24.0,5.8,15.35,-7.783333333333334,17.666666666666668,0.0,0.0,0.0,0.0,10.0,14.0,23.4,221.36019412028108,19.4184,16.75,1015.025,4.79,3.32,0.0015000000000000002
2022-10-14,27.4,10.1,19.441666666666666,24.6,5.7,15.604166666666666,-6.3875,17.833333333333332,0.0,0.0,0.0,0.0,9.0,11.4,20.5,240.00308881898022,18.8784,12.375,1015.6374999999999,4.8,3.26,-4.1666666666666665e-05
2022-10-15,27.8,10.2,19.733333333333334,24.5,6.5,16.120833333333334,-6.316666666666666,18.541666666666668,0.0,0.0,0.0,0.0,9.0,16.3,28.8,24.7854949971317,18.432,10.791666666666666,1017.2208333333333,4.45,3.41,0.0
2022-10-16,27.9,9.9,19.804166666666667,24.2,5.9,15.85,-7.145833333333333,16.625,0.0,0.0,0.0,0.0,9.0,17.8,32.8,74.06603639331819,18.6012,3.5,1019.5958333333333,4.91,3.4,0.0065
2022-10-17,28.0,10.8,20.4,23.8,6.9,16.354166666666668,-7.358333333333333,15.833333333333334,0.0,0.0,0.0,0.0,9.0,16.7,32.4,92.7754863585326,18.4572,16.875,1021.1583333333333,5.0,3.44,0.0075
2022-10-18,27.6,9.5,19.1125,24.1,5.3,15.083333333333334,-8.15,16.583333333333332,0.0,0.0,0.0,0.0,9.0,16.5,31.0,44.8133513891919,18.3672,43.458333333333336,1018.8166666666666,4.83,3.38,0.010375
2022-10-19,23.8,11.7,17.908333333333335,20.3,7.9,14.395833333333334,-1.8458333333333332,27.208333333333332,0.0,0.0,0.0,0.0,9.0,12.0,28.4,81.3501103381503,17.9964,1.6666666666666667,1020.0625,4.45,2.42,0.011499999999999998
2022-10-20,24.5,8.1,16.883333333333333,20.8,5.2,13.783333333333333,-0.9958333333333332,32.625,0.0,0.0,0.0,0.0,9.0,10.1,20.2,266.5563205771012,15.4224,38.541666666666664,1017.9916666666667,3.55,2.55,0.009
2022-10-21,26.2,9.5,18.245833333333334,22.8,5.9,14.512500000000001,-4.808333333333334,23.208333333333332,0.0,0.0,0.0,0.0,9.0,13.2,28.4,228.95446244126393,17.6904,32.208333333333336,1016.75,4.48,3.03,0.009375
2022-10-22,27.2,10.3,19.266666666666666,23.9,6.3,15.345833333333333,-5.391666666666667,20.125,0.0,0.0,0.0,0.0,9.0,13.6,22.3,225.68816227093922,17.5788,6.125,1019.7416666666667,4.68,3.23,0.010875000000000001
2022-10-23,26.5,9.6,18.391666666666666,23.7,6.6,15.075000000000001,-3.3874999999999997,25.5,0.0,0.0,0.0,0.0,9.0,15.5,28.4,252.61557111096755,17.352,17.041666666666668,1020.4166666666666,4.02,3.06,0.010583333333333333
2022-10-24,26.1,9.8,18.358333333333334,23.3,5.7,14.487499999999999,-6.8999999999999995,19.458333333333332,0.0,0.0,0.0,0.0,9.0,11.3,18.7,236.99929166646726,17.01,54.958333333333336,1017.025,4.25,3.07,0.011166666666666667
2022-10-25,27.4,11.8,19.537499999999998,22.2,7.6,15.345833333333333,-5.4875,19.5,0.0,0.0,0.0,0.0,9.0,23.1,46.1,264.90677606407235,14.9328,99.91666666666667,1015.375,4.7299999999999995,3.27,0.010375
2022-10-26,26.3,9.8,18.420833333333334,24.0,6.2,15.120833333333332,-1.75,27.416666666666668,0.0,0.0,0.0,0.0,9.0,11.2,20.9,304.12898729350724,16.7724,41.458333333333336,1019.4083333333333,4.12,2.91,0.009625
2022-10-27,25.7,9.6,18.433333333333334,22.1,6.9,15.362499999999999,-2.1166666666666667,28.25,0.0,0.0,0.0,0.0,9.0,11.6,27.7,232.04220893473024,14.6232,49.666666666666664,1019.6125000000001,3.46,2.95,0.010625
2022-10-28,25.3,9.7,18.320833333333333,21.7,6.0,14.545833333333334,-5.183333333333334,20.75,0.0,0.0,0.0,0.0,9.0,12.3,23.0,240.92052573181536,14.94,26.875,1017.0875,3.9,2.76,0.010166666666666666
2022-10-29,25.3,10.2,18.2375,21.7,7.6,14.566666666666668,0.65,32.583333333333336,0.0,0.0,0.0,0.0,7.0,23.7,44.6,248.97093190966473,11.7792,84.625,1015.85,4.18,2.67,0.008875
2022-10-30,23.3,11.8,17.370833333333334,18.6,9.3,14.133333333333333,2.091666666666667,37.458333333333336,0.0,0.0,0.0,0.0,9.0,20.7,40.7,245.3054392392589,11.0988,79.54166666666667,1017.9791666666666,3.4499999999999997,2.18,0.006124999999999999
2022-10-31,25.1,9.7,18.004166666666666,22.4,7.0,14.658333333333333,-0.15000000000000002,32.375,0.0,0.0,0.0,0.0,9.0,19.5,33.1,238.17847049692554,14.8176,54.166666666666664,1016.8249999999999,3.96,2.78,0.00725
2022-11-01,25.2,10.4,17.716666666666665,19.6,7.4,14.075000000000001,1.1916666666666667,35.458333333333336,0.0,0.0,0.0,0.0,9.0,24.1,46.1,249.08669526448097,14.2524,49.5,1014.5208333333334,4.28,2.72,0.006000000000000001
2022-11-02,19.1,10.6,13.5625,15.9,8.2,11.429166666666667,6.279166666666666,62.958333333333336,3.4,3.4,0.0,9.0,7.0,14.0,31.3,333.5383869967783,9.2124,92.5,1016.8666666666667,2.05,1.38,0.016541666666666666
2022-11-03,15.6,7.0,11.2125,13.7,5.1,9.908333333333333,7.966666666666668,81.79166666666667,12.9,12.9,0.0,17.0,7.0,10.5,23.8,193.59783980975772,7.4988,88.375,1015.4666666666667,1.36,0.86,0.137125
2022-11-04,16.4,4.5,9.616666666666667,14.5,2.0,7.4125000000000005,3.920833333333333,71.95833333333333,0.0,0.0,0.0,0.0,9.0,10.8,19.1,227.82335693158743,15.138,8.916666666666666,1017.4791666666666,2.39,1.2,0.151
2022-11-05,16.8,3.0,9.641666666666667,14.4,-0.1,7.0874999999999995,1.3166666666666667,60.791666666666664,0.0,0.0,0.0,0.0,9.0,9.2,15.8,259.8835262204463,15.7536,0.0,1017.9958333333334,2.5,1.41,0.13520833333333335
2022-11-06,16.9,1.7,9.495833333333334,14.1,-1.8,6.533333333333334,-0.975,52.791666666666664,0.0,0.0,0.0,0.0,9.0,11.8,19.8,263.7741891783919,15.804,0.0,1017.9499999999999,2.61,1.53,0.12166666666666666
2022-11-07,16.2,1.7,8.7875,13.4,-2.0,5.420833333333333,-2.658333333333333,48.625,0.0,0.0,0.0,0.0,9.0,11.5,21.2,306.10757682120175,15.696,0.0,1017.85,2.71,1.43,0.1055
2022-11-08,14.8,0.7,8.262500000000001,10.3,-2.6,4.566666666666667,-2.1958333333333333,52.375,0.0,0.0,0.0,0.0,9.0,15.4,31.3,94.6137592327763,15.282,11.208333333333334,1018.475,2.75,1.25,0.08850000000000001
2022-11-09,14.5,2.4,8.570833333333333,10.5,-0.7,5.379166666666666,-1.2458333333333333,52.25,0.2,0.2,0.0,1.0,8.0,13.5,29.2,50.86634914529707,13.4964,55.208333333333336,1019.2875,2.28,1.15,0.07020833333333333
2022-11-10,19.2,3.5,11.654166666666667,16.3,0.6,8.733333333333333,-1.0583333333333333,43.625,0.0,0.0,0.0,0.0,9.0,10.5,19.1,7.017041583681362,14.7744,50.458333333333336,1020.3833333333333,2.68,1.65,0.057875
2022-11-11,19.5,6.1,12.404166666666667,16.9,3.4,10.266666666666667,3.9958333333333336,58.083333333333336,0.1,0.1,0.0,1.0,8.0,8.2,23.8,229.5054729079734,10.3212,99.875,1022.7166666666667,1.9300000000000002,1.44,0.04320833333333333
2022-11-12,13.7,8.2,10.470833333333333,11.8,6.6,9.129166666666666,7.408333333333334,81.95833333333333,7.7,7.7,0.0,10.0,5.0,8.4,19.1,278.842251939528,4.842,96.79166666666667,1023.5333333333333,0.88,0.66,0.08820833333333333
2022-11-13,15.4,4.0,9.4625,12.6,1.3,7.0874999999999995,3.8083333333333336,71.16666666666667,0.4,0.4,0.0,3.0,9.0,8.9,18.4,297.42408630388377,12.5568,19.625,1022.1708333333332,1.99,1.08,0.09345833333333332
2022-11-14,15.9,2.2,8.762500000000001,13.6,-0.5,6.304166666666667,2.254166666666667,66.83333333333333,0.0,0.0,0.0,0.0,8.0,9.7,15.8,197.78480195296817,14.2416,9.375,1019.0666666666666,2.2600000000000002,1.15,0.08670833333333333
2022-11-15,16.7,0.4,8.495833333333334,14.1,-3.3,5.195833333333334,-1.4791666666666667,53.708333333333336,0.0,0.0,0.0,0.0,9.0,14.3,25.6,228.38232563698904,14.1156,13.25,1018.7083333333334,2.43,1.4,0.07729166666666666
2022-11-16,16.0,0.5,8.604166666666666,13.2,-2.7,5.541666666666667,-0.9791666666666666,54.916666666666664,0.7,0.7,0.0,2.0,8.0,8.5,22.3,269.17182826705005,11.664,32.833333333333336,1019.8083333333334,2.02,1.31,0.07183333333333333
2022-11-17,15.0,4.6,9.475,12.2,1.3,7.245833333333334,4.2124999999999995,70.125,3.5,3.5,0.0,13.0,8.0,12.4,24.8,254.05551526412955,8.3376,98.25,1017.5500000000001,1.43,0.77,0.08870833333333333
2022-11-18,17.8,5.7,10.833333333333334,13.5,2.9,8.258333333333333,3.9375,67.45833333333333,2.5,2.5,0.0,6.0,9.0,18.4,34.2,252.32215195135325,13.3452,34.083333333333336,1017.3958333333334,2.49,1.45,0.11991666666666667
2022-11-19,15.8,2.2,8.495833333333334,13.1,-1.5,5.5625,0.4916666666666667,60.833333333333336,0.0,0.0,0.0,0.0,9.0,11.3,19.4,254.63735056812908,13.32,70.58333333333333,1021.6750000000001,2.11,1.19,0.10808333333333332
2022-11-20,15.6,0.9,7.858333333333333,12.5,-2.4,4.829166666666667,-0.3375000000000001,61.0,0.0,0.0,0.0,0.0,9.0,10.0,16.6,307.7232110142517,14.0148,0.0,1023.5208333333334,2.21,1.34,0.09941666666666667
2022-11-21,14.3,-0.4,7.091666666666666,11.2,-3.9,3.875,-2.2958333333333334,55.75,0.0,0.0,0.0,0.0,9.0,10.0,15.5,308.08732130438364,14.04,0.0,1026.5333333333333,2.12,1.19,0.09012500000000001
2022-11-22,14.1,-1.5,6.083333333333333,10.8,-5.2,2.716666666666667,-3.225,56.166666666666664,0.0,0.0,0.0,0.0,9.0,11.1,18.4,264.82147123012805,14.1228,0.2916666666666667,1025.8458333333333,2.11,1.16,0.08279166666666667
2022-11-23,14.5,-1.5,6.233333333333333,11.1,-5.4,3.0041666666666664,-2.3375,58.625,0.0,0.0,0.0,0.0,8.0,11.0,18.4,285.72266935628414,13.3524,48.291666666666664,1023.1875,1.97,1.21,0.07895833333333334
2022-11-24,15.7,1.2,8.424999999999999,12.8,-2.0,5.383333333333333,-0.8250000000000001,56.333333333333336,0.0,0.0,0.0,0.0,9.0,9.0,16.9,252.23656566394277,13.4568,46.125,1020.0166666666668,2.17,1.26,0.07412500000000001
2022-11-25,18.5,1.8,9.725,15.0,-1.7,6.720833333333334,-0.1666666666666667,54.375,0.0,0.0,0.0,0.0,8.0,10.0,17.3,259.7302026775774,12.8772,29.083333333333332,1018.5083333333333,2.2,1.58,0.059625000000000004
2022-11-26,19.7,4.2,11.391666666666666,15.1,1.1,8.216666666666667,1.7916666666666667,56.166666666666664,0.0,0.0,0.0,0.0,8.0,18.9,37.8,247.70085410370797,12.0708,31.75,1018.9166666666666,2.61,1.7,0.042374999999999996
2022-11-27,19.4,6.8,12.1,15.8,3.7,9.2125,1.9083333333333332,53.458333333333336,0.0,0.0,0.0,0.0,8.0,13.8,28.4,258.18126233171404,13.1508,20.375,1017.3416666666667,2.6,1.64,0.023749999999999997
2022-11-28,16.4,1.9,9.408333333333333,13.4,-1.3,6.3500000000000005,-0.7166666666666667,53.416666666666664,0.0,0.0,0.0,0.0,9.0,10.2,18.4,250.89141468165,13.1868,48.875,1019.7791666666667,2.17,1.29,0.00475
2022-11-29,16.1,1.0,9.362499999999999,12.3,-2.4,5.983333333333333,-3.2583333333333333,44.333333333333336,0.0,0.0,0.0,0.0,8.0,9.1,21.2,13.663094745238826,12.7908,73.875,1022.0416666666666,2.2800000000000002,1.36,0.005125
2022-11-30,15.8,3.0,9.754166666666666,12.0,-0.4,6.375,-3.454166666666667,40.791666666666664,0.0,0.0,0.0,0.0,8.0,10.8,23.0,4.621983492249289,11.1312,81.41666666666667,1021.625,2.1,1.32,0.009
2022-12-01,16.5,2.0,9.033333333333333,13.5,-1.5,5.729166666666667,-2.0749999999999997,48.083333333333336,0.6000000000000001,0.6000000000000001,0.0,2.0,8.0,13.1,25.2,263.8533201005935,11.9232,32.958333333333336,1020.9,2.2,1.34,0.007041666666666667
2022-12-02,14.2,0.9,7.887499999999999,10.2,-2.5,4.4750000000000005,-2.3000000000000003,51.416666666666664,0.0,0.0,0.0,0.0,9.0,10.9,24.1,64.52346008380665,12.8952,0.9583333333333334,1021.0291666666667,2.18,1.12,-0.000125
2022-12-03,14.1,-0.9,7.3999999999999995,10.5,-4.1,4.2375,-2.2666666666666666,53.416666666666664,0.0,0.0,0.0,0.0,8.0,9.4,20.2,330.6331152419901,12.762,41.083333333333336,1017.8708333333334,2.06,1.11,-0.00016666666666666666
2022-12-04,13.0,-1.0,6.170833333333333,10.2,-4.6,2.8249999999999997,-2.066666666666667,59.166666666666664,0.0,0.0,0.0,0.0,8.0,18.9,33.5,259.7300732690019,12.7728,24.208333333333332,1020.0749999999999,1.97,1.01,-0.0002916666666666667
2022-12-05,10.0,1.0,5.1000000000000005,7.1,-2.1,2.0458333333333334,-1.4749999999999999,64.58333333333333,0.0,0.0,0.0,0.0,7.0,9.0,16.6,31.712881138426187,10.4292,61.291666666666664,1023.375,1.5,0.69,-0.00016666666666666666
2022-12-06,9.0,-2.6,3.154166666666667,5.2,-5.9,-0.06250000000000007,-2.7083333333333335,67.375,0.39999999999999997,0.39999999999999997,0.0,2.0,8.0,9.0,22.0,29.494599939266983,11.5344,47.875,1023.2708333333334,1.47,0.64,0.00175
2022-12-07,10.2,-2.3,3.8791666666666664,7.3,-5.6,0.9625,-1.2166666666666666,71.625,0.0,0.0,0.0,0.0,8.0,9.9,20.9,305.58877705385925,11.8512,18.708333333333332,1022.0208333333334,1.54,0.68,0.005624999999999999
2022-12-08,11.0,-1.6,4.7875000000000005,7.9,-4.9,1.4416666666666667,-2.591666666666667,62.5,0.0,0.0,0.0,0.0,8.0,9.4,16.6,172.9192050119611,11.7612,59.541666666666664,1022.6999999999999,1.73,0.8,0.000125
2022-12-09,10.2,-0.4,5.366666666666667,6.7,-3.7,1.9833333333333334,-2.733333333333333,57.958333333333336,0.0,0.0,0.0,0.0,8.0,10.2,19.1,142.4893644304496,10.9188,56.166666666666664,1022.8083333333334,1.71,0.77,0.000875
2022-12-10,6.5,-1.3,3.1291666666666664,2.9,-4.3,0.033333333333333326,-3.0083333333333333,65.04166666666667,0.8,0.4,0.28,4.0,6.0,8.3,20.5,341.6144119292191,8.568,81.58333333333333,1023.2125,1.1,0.48,0.001
2022-12-11,9.0,0.7,4.341666666666667,5.6,-2.7,0.7791666666666667,-5.279166666666667,51.833333333333336,0.0,0.0,0.0,0.0,9.0,11.2,18.7,184.71438809254892,11.9808,43.541666666666664,1022.9833333333332,1.72,0.81,0.005625000000000001
2022-12-12,8.2,-3.7,2.2166666666666663,4.4,-7.1,-1.3458333333333332,-5.729166666666667,58.708333333333336,0.0,0.0,0.0,0.0,9.0,8.0,16.6,22.829927378175448,12.5928,40.666666666666664,1022.2833333333333,1.6199999999999999,0.7,0.019708333333333335
2022-12-13,12.0,-1.1,5.241666666666666,8.3,-4.8,1.7249999999999999,-6.183333333333334,46.291666666666664,0.0,0.0,0.0,0.0,9.0,7.8,15.8,207.75652083919286,12.4524,31.708333333333332,1019.9499999999999,1.82,1.05,0.024124999999999997
2022-12-14,10.6,-0.6,4.741666666666666,7.0,-4.2,1.275,-4.645833333333333,52.583333333333336,0.0,0.0,0.0,0.0,7.0,7.2,15.8,289.17952907182905,6.282,72.5,1022.5333333333333,1.14,0.86,0.02
2022-12-15,11.9,-1.1,5.845833333333334,9.2,-5.0,2.8125,-0.8833333333333333,64.91666666666667,0.0,0.0,0.0,0.0,7.0,11.1,20.5,252.76747666963456,9.7236,84.95833333333333,1022.5458333333332,1.42,0.83,0.0325
2022-12-16,12.3,0.3,6.891666666666667,9.8,-3.5,4.0,-0.3416666666666666,62.208333333333336,0.0,0.0,0.0,0.0,7.0,10.1,19.1,209.27309649851878,11.4876,39.291666666666664,1020.2333333333332,1.61,0.85,0.04125
2022-12-17,10.3,1.9,5.625,6.6,-1.1,2.4666666666666663,0.3625,70.95833333333333,0.0,0.0,0.0,0.0,7.0,11.5,23.8,358.58726801232007,9.2952,60.916666666666664,1023.1041666666666,1.44,0.66,0.0425
2022-12-18,9.8,0.4,5.045833333333333,6.9,-2.6,2.1083333333333334,-1.1458333333333333,67.75,0.0,0.0,0.0,0.0,7.0,7.7,15.1,354.7773029976993,9.5004,45.416666666666664,1026.5541666666666,1.34,0.72,0.05275
2022-12-19,10.2,-2.6,3.8625000000000003,7.2,-6.4,0.6249999999999999,-3.125,63.875,0.0,0.0,0.0,0.0,9.0,8.4,16.2,255.5971388694934,12.5064,1.5416666666666667,1025.2375,1.6400000000000001,0.79,0.0545
2022-12-20,9.6,-3.2,2.733333333333333,5.9,-7.3,-0.775,-4.370833333333334,62.916666666666664,0.0,0.0,0.0,0.0,9.0,8.7,17.3,320.50830526249456,12.6648,1.0,1023.8083333333334,1.69,0.76,0.05875
2022-12-21,8.6,-3.2,2.3625,4.0,-6.5,-1.4875,-5.0874999999999995,61.125,0.0,0.0,0.0,0.0,9.0,12.9,28.4,114.55990815096244,12.5424,17.916666666666668,1023.9666666666667,1.7,0.71,0.06291666666666666
2022-12-22,7.2,-3.1,2.1333333333333333,3.3,-6.6,-1.2708333333333333,-4.691666666666666,63.0,2.2,0.1,1.4700000000000002,2.0,8.0,7.6,18.0,288.7180841744162,8.8884,88.5,1023.0625,1.16,0.62,0.06483333333333334
2022-12-23,8.8,-2.8,3.341666666666667,5.2,-6.3,0.012500000000000027,-3.1999999999999997,65.54166666666667,1.1,1.1,0.0,4.0,8.0,7.9,19.4,162.16564780970188,11.2788,69.41666666666667,1021.8541666666666,1.54,0.66,0.06333333333333334
2022-12-24,10.9,0.6,4.670833333333333,7.6,-2.9,1.3083333333333333,-0.07916666666666669,73.91666666666667,4.8,1.9000000000000001,2.03,9.0,8.0,16.7,29.5,218.703423277659,11.1384,44.666666666666664,1014.8416666666667,1.56,0.75,0.10454166666666666
2022-12-25,9.2,-2.5,2.0541666666666667,4.2,-6.4,-2.0083333333333333,-3.3958333333333335,69.83333333333333,0.0,0.0,0.0,0.0,9.0,14.3,28.1,252.59733729269715,12.5136,0.9166666666666666,1018.6,1.66,0.76,0.11304166666666667
2022-12-26,8.4,-4.9,1.0958333333333334,4.8,-9.9,-3.1333333333333333,-6.5,60.291666666666664,0.0,0.0,0.0,0.0,9.0,14.5,24.1,243.33991910694866,12.7008,0.75,1020.3125,1.59,0.75,0.10645833333333332
2022-12-27,7.6,-4.2,1.0291666666666666,3.6,-9.0,-2.75,-6.566666666666666,58.791666666666664,0.4,0.1,0.21000000000000002,2.0,8.0,9.7,20.9,226.84802460749074,11.142,53.458333333333336,1022.1083333333332,1.45,0.62,0.10425
2022-12-28,6.6,-1.8,2.245833333333333,2.9,-5.4,-1.2,-3.3000000000000003,68.54166666666667,0.30000000000000004,0.0,0.21000000000000002,3.0,7.0,10.0,21.6,287.5462635732656,8.1108,70.08333333333333,1022.6666666666666,1.09,0.51,0.1125
2022-12-29,6.4,-4.4,0.20833333333333334,2.7,-9.3,-3.7458333333333336,-6.1125,64.08333333333333,0.0,0.0,0.0,0.0,8.0,11.8,20.5,201.23203812079893,12.726,3.875,1029.7416666666666,1.52,0.54,0.111
2022-12-30,7.9,-4.4,1.2375,4.1,-8.8,-2.504166666666667,-6.483333333333333,59.041666666666664,0.0,0.0,0.0,0.0,8.0,8.5,15.1,187.90748535725928,12.7728,20.833333333333332,1031.1875,1.63,0.67,0.11425
2022-12-31,7.2,-3.3,1.3875,3.5,-6.7,-2.0875,-5.1625000000000005,63.541666666666664,0.0,0.0,0.0,0.0,8.0,9.0,17.6,264.8291356840065,12.6612,41.875,1031.125,1.56,0.61,0.12258333333333334
2023-01-01,7.3,-4.2,1.2083333333333333,4.0,-8.4,-2.4708333333333337,-6.720833333333334,58.666666666666664,0.0,0.0,0.0,0.0,8.0,8.5,15.1,294.78346047690275,12.8016,0.0,1031.1625000000001,1.55,0.65,0.12925
2023-01-02,6.4,-4.2,0.8500000000000001,3.0,-8.3,-2.670833333333334,-6.220833333333334,61.583333333333336,0.0,0.0,0.0,0.0,8.0,7.3,14.4,293.4818455661634,12.9132,20.541666666666668,1034.4041666666667,1.52,0.57,0.134875
2023-01-03,6.5,-5.7,0.054166666666666675,3.1,-10.2,-3.6666666666666665,-8.070833333333333,57.583333333333336,0.0,0.0,0.0,0.0,8.0,9.1,15.8,263.0212015862139,13.2084,0.0,1034.5291666666667,1.56,0.62,0.13420833333333335
2023-01-04,6.1,-4.2,0.5625,2.4,-7.8,-3.029166666666667,-6.6875,61.5,1.1,0.0,0.77,3.0,7.0,8.1,14.8,202.25343979254393,9.4068,86.33333333333333,1028.2833333333333,1.23,0.63,0.13025
2023-01-05,7.0,-1.3,1.8791666666666667,4.7,-4.9,-1.0208333333333333,-0.6875,83.58333333333333,1.7000000000000002,0.9,0.56,5.0,6.0,9.0,16.9,279.09515787543546,8.748,53.666666666666664,1019.6916666666666,1.08,0.31,0.138375
2023-01-06,9.1,-3.0,2.1916666666666664,5.7,-6.8,-1.2375,-1.9875,76.79166666666667,0.0,0.0,0.0,0.0,8.0,14.4,24.1,267.56379445539005,10.7568,40.416666666666664,1021.4833333333332,1.5,0.64,0.1415
2023-01-07,9.4,-3.6,1.75,6.2,-8.1,-2.370833333333333,-4.904166666666667,63.208333333333336,0.0,0.0,0.0,0.0,8.0,14.7,24.5,226.25847708190298,13.1076,3.2916666666666665,1021.3458333333333,1.75,0.74,0.139875
2023-01-08,7.9,-4.2,0.9916666666666667,4.2,-9.5,-3.329166666666667,-7.1125,57.833333333333336,0.0,0.0,0.0,0.0,8.0,15.5,27.4,221.55093550449084,13.2732,0.7916666666666666,1021.8666666666667,1.71,0.75,0.13183333333333333
2023-01-09,7.0,-3.9,1.5333333333333332,3.8,-8.4,-2.2666666666666666,-6.104166666666667,59.208333333333336,1.7,0.4,0.91,4.0,7.0,9.8,18.0,201.21817517699716,11.232,58.625,1022.35,1.51,0.63,0.12458333333333334
2023-01-10,2.1,-1.2,0.45416666666666666,-0.7,-4.4,-2.654166666666667,-1.0708333333333333,89.79166666666667,11.5,1.5,7.0,19.0,3.0,11.9,21.6,5.482514975267224,3.4632,100.0,1023.8625000000001,0.48000000000000004,0.15,0.14191666666666666
2023-01-11,0.2,-4.1,-1.875,-3.4,-8.0,-5.3,-4.791666666666667,80.66666666666667,0.5,0.0,0.35000000000000003,5.0,5.0,8.0,16.6,165.96529366658007,5.5512,98.79166666666667,1034.0208333333333,0.61,0.21,0.16258333333333333
2023-01-12,0.7,-6.3,-2.4541666666666666,-2.6,-10.8,-5.983333333333333,-7.316666666666666,70.04166666666667,0.0,0.0,0.0,0.0,8.0,9.8,13.7,233.9564280343613,11.5056,85.08333333333333,1035.2583333333334,1.12,0.29,0.16470833333333335
2023-01-13,0.2,-10.2,-4.804166666666666,-3.8,-14.5,-9.083333333333334,-8.758333333333333,74.79166666666667,0.0,0.0,0.0,0.0,8.0,12.8,20.9,240.00808950389674,12.582,68.54166666666667,1034.9166666666667,1.1300000000000001,0.27,0.166625
2023-01-14,3.2,-7.7,-2.3333333333333335,-0.2,-12.0,-6.175,-7.6875,67.875,0.0,0.0,0.0,0.0,8.0,10.0,18.0,250.47362564551565,11.8404,72.58333333333333,1030.9750000000001,1.24,0.38,0.164125
2023-01-15,8.4,-4.0,1.5875000000000001,5.7,-7.8,-1.6166666666666665,-3.0541666666666667,72.54166666666667,0.8,0.0,0.5599999999999999,2.0,8.0,7.5,14.0,237.70251911605922,12.9276,36.875,1023.6583333333333,1.54,0.51,0.16025
2023-01-16,9.4,-3.5,1.7791666666666666,6.3,-8.0,-1.9000000000000001,-1.5916666666666668,80.16666666666667,0.0,0.0,0.0,0.0,8.0,12.5,20.9,234.30374099125783,10.9584,48.583333333333336,1022.1958333333333,1.3800000000000001,0.57,0.14716666666666667
2023-01-17,3.0,-3.6,0.10833333333333335,0.3,-7.9,-3.4625,-2.6083333333333334,82.83333333333333,8.0,2.4,3.92,13.0,5.0,12.2,20.9,296.5683894488459,4.248,94.75,1022.5500000000001,0.6,0.26,0.14629166666666668
2023-01-18,5.1,-5.5,-0.06666666666666672,1.1,-10.5,-3.8874999999999997,-2.5,84.79166666666667,0.0,0.0,0.0,0.0,8.0,15.6,27.0,243.96869024988803,13.4928,33.833333333333336,1025.0916666666667,1.29,0.33,0.16870833333333335
2023-01-19,6.2,-7.4,-1.7083333333333333,2.9,-12.2,-5.9750000000000005,-7.304166666666667,67.95833333333333,0.0,0.0,0.0,0.0,8.0,12.9,25.2,232.60226829125025,14.184,28.583333333333332,1029.4083333333333,1.61,0.53,0.16575
