family,parameter_name,parameter_value,alpha,epsilon,gamma,seed,episode,steps
n_step_sarsa,n,5.000,0.100,0.100,0.990,13,1,2428
n_step_sarsa,n,5.000,0.100,0.100,0.990,13,2,879
n_step_sarsa,n,5.000,0.100,0.100,0.990,13,3,548
n_step_sarsa,n,5.000,0.100,0.100,0.990,13,4,357
n_step_sarsa,n,5.000,0.100,0.100,0.990,13,5,730
n_step_sarsa,n,5.000,0.100,0.100,0.990,13,6,236
n_step_sarsa,n,5.000,0.100,0.100,0.990,13,7,65
n_step_sarsa,n,5.000,0.100,0.100,0.990,13,8,31
n_step_sarsa,n,5.000,0.100,0.100,0.990,13,9,386
n_step_sarsa,n,5.000,0.100,0.100,0.990,13,10,68
n_step_sarsa,n,5.000,0.100,0.100,0.990,13,11,114
n_step_sarsa,n,5.000,0.100,0.100,0.990,13,12,65
n_step_sarsa,n,5.000,0.100,0.100,0.990,13,13,183
n_step_sarsa,n,5.000,0.100,0.100,0.990,13,14,28
n_step_sarsa,n,5.000,0.100,0.100,0.990,13,15,42
n_step_sarsa,n,5.000,0.100,0.100,0.990,13,16,96
n_step_sarsa,n,5.000,0.100,0.100,0.990,13,17,73
n_step_sarsa,n,5.000,0.100,0.100,0.990,13,18,43
n_step_sarsa,n,5.000,0.100,0.100,0.990,13,19,27
n_step_sarsa,n,5.000,0.100,0.100,0.990,13,20,39
n_step_sarsa,n,5.000,0.100,0.100,0.990,13,21,100
n_step_sarsa,n,5.000,0.100,0.100,0.990,13,22,50
n_step_sarsa,n,5.000,0.100,0.100,0.990,13,23,50
n_step_sarsa,n,5.000,0.100,0.100,0.990,13,24,53
n_step_sarsa,n,5.000,0.100,0.100,0.990,13,25,83
n_step_sarsa,n,5.000,0.100,0.100,0.990,13,26,24
n_step_sarsa,n,5.000,0.100,0.100,0.990,13,27,38
n_step_sarsa,n,5.000,0.100,0.100,0.990,13,28,38
n_step_sarsa,n,5.000,0.100,0.100,0.990,13,29,31
n_step_sarsa,n,5.000,0.100,0.100,0.990,13,30,39
n_step_sarsa,n,5.000,0.100,0.100,0.990,13,31,32
n_step_sarsa,n,5.000,0.100,0.100,0.990,13,32,56
n_step_sarsa,n,5.000,0.100,0.100,0.990,13,33,26
n_step_sarsa,n,5.000,0.100,0.100,0.990,13,34,47
n_step_sarsa,n,5.000,0.100,0.100,0.990,13,35,58
n_step_sarsa,n,5.000,0.100,0.100,0.990,13,36,21
n_step_sarsa,n,5.000,0.100,0.100,0.990,13,37,21
n_step_sarsa,n,5.000,0.100,0.100,0.990,13,38,99
n_step_sarsa,n,5.000,0.100,0.100,0.990,13,39,30
n_step_sarsa,n,5.000,0.100,0.100,0.990,13,40,63
n_step_sarsa,n,5.000,0.100,0.100,0.990,13,41,18
n_step_sarsa,n,5.000,0.100,0.100,0.990,13,42,19
n_step_sarsa,n,5.000,0.100,0.100,0.990,13,43,77
n_step_sarsa,n,5.000,0.100,0.100,0.990,13,44,40
n_step_sarsa,n,5.000,0.100,0.100,0.990,13,45,64
n_step_sarsa,n,5.000,0.100,0.100,0.990,13,46,38
n_step_sarsa,n,5.000,0.100,0.100,0.990,13,47,33
n_step_sarsa,n,5.000,0.100,0.100,0.990,13,48,40
n_step_sarsa,n,5.000,0.100,0.100,0.990,13,49,34
n_step_sarsa,n,5.000,0.100,0.100,0.990,13,50,24
n_step_sarsa,n,5.000,0.100,0.100,0.990,13,51,20
n_step_sarsa,n,5.000,0.100,0.100,0.990,13,52,47
n_step_sarsa,n,5.000,0.100,0.100,0.990,13,53,21
n_step_sarsa,n,5.000,0.100,0.100,0.990,13,54,34
n_step_sarsa,n,5.000,0.100,0.100,0.990,13,55,41
n_step_sarsa,n,5.000,0.100,0.100,0.990,13,56,31
n_step_sarsa,n,5.000,0.100,0.100,0.990,13,57,47
n_step_sarsa,n,5.000,0.100,0.100,0.990,13,58,28
n_step_sarsa,n,5.000,0.100,0.100,0.990,13,59,23
n_step_sarsa,n,5.000,0.100,0.100,0.990,13,60,24
n_step_sarsa,n,5.000,0.100,0.100,0.990,13,61,20
n_step_sarsa,n,5.000,0.100,0.100,0.990,13,62,20
n_step_sarsa,n,5.000,0.100,0.100,0.990,13,63,25
n_step_sarsa,n,5.000,0.100,0.100,0.990,13,64,22
n_step_sarsa,n,5.000,0.100,0.100,0.990,13,65,56
n_step_sarsa,n,5.000,0.100,0.100,0.990,13,66,34
n_step_sarsa,n,5.000,0.100,0.100,0.990,13,67,25
n_step_sarsa,n,5.000,0.100,0.100,0.990,13,68,18
n_step_sarsa,n,5.000,0.100,0.100,0.990,13,69,21
n_step_sarsa,n,5.000,0.100,0.100,0.990,13,70,27
n_step_sarsa,n,5.000,0.100,0.100,0.990,13,71,25
n_step_sarsa,n,5.000,0.100,0.100,0.990,13,72,31
n_step_sarsa,n,5.000,0.100,0.100,0.990,13,73,26
n_step_sarsa,n,5.000,0.100,0.100,0.990,13,74,32
n_step_sarsa,n,5.000,0.100,0.100,0.990,13,75,18
n_step_sarsa,n,5.000,0.100,0.100,0.990,13,76,52
n_step_sarsa,n,5.000,0.100,0.100,0.990,13,77,28
n_step_sarsa,n,5.000,0.100,0.100,0.990,13,78,26
n_step_sarsa,n,5.000,0.100,0.100,0.990,13,79,26
n_step_sarsa,n,5.000,0.100,0.100,0.990,13,80,19
n_step_sarsa,n,5.000,0.100,0.100,0.990,42,1,2635
n_step_sarsa,n,5.000,0.100,0.100,0.990,42,2,582
n_step_sarsa,n,5.000,0.100,0.100,0.990,42,3,366
n_step_sarsa,n,5.000,0.100,0.100,0.990,42,4,48
n_step_sarsa,n,5.000,0.100,0.100,0.990,42,5,63
n_step_sarsa,n,5.000,0.100,0.100,0.990,42,6,86
n_step_sarsa,n,5.000,0.100,0.100,0.990,42,7,88
n_step_sarsa,n,5.000,0.100,0.100,0.990,42,8,60
n_step_sarsa,n,5.000,0.100,0.100,0.990,42,9,132
n_step_sarsa,n,5.000,0.100,0.100,0.990,42,10,321
n_step_sarsa,n,5.000,0.100,0.100,0.990,42,11,56
n_step_sarsa,n,5.000,0.100,0.100,0.990,42,12,114
n_step_sarsa,n,5.000,0.100,0.100,0.990,42,13,18
n_step_sarsa,n,5.000,0.100,0.100,0.990,42,14,51
n_step_sarsa,n,5.000,0.100,0.100,0.990,42,15,30
n_step_sarsa,n,5.000,0.100,0.100,0.990,42,16,35
n_step_sarsa,n,5.000,0.100,0.100,0.990,42,17,26
n_step_sarsa,n,5.000,0.100,0.100,0.990,42,18,31
n_step_sarsa,n,5.000,0.100,0.100,0.990,42,19,130
n_step_sarsa,n,5.000,0.100,0.100,0.990,42,20,72
n_step_sarsa,n,5.000,0.100,0.100,0.990,42,21,28
n_step_sarsa,n,5.000,0.100,0.100,0.990,42,22,19
n_step_sarsa,n,5.000,0.100,0.100,0.990,42,23,27
n_step_sarsa,n,5.000,0.100,0.100,0.990,42,24,33
n_step_sarsa,n,5.000,0.100,0.100,0.990,42,25,59
n_step_sarsa,n,5.000,0.100,0.100,0.990,42,26,33
n_step_sarsa,n,5.000,0.100,0.100,0.990,42,27,24
n_step_sarsa,n,5.000,0.100,0.100,0.990,42,28,45
n_step_sarsa,n,5.000,0.100,0.100,0.990,42,29,28
n_step_sarsa,n,5.000,0.100,0.100,0.990,42,30,19
n_step_sarsa,n,5.000,0.100,0.100,0.990,42,31,79
n_step_sarsa,n,5.000,0.100,0.100,0.990,42,32,36
n_step_sarsa,n,5.000,0.100,0.100,0.990,42,33,44
n_step_sarsa,n,5.000,0.100,0.100,0.990,42,34,64
n_step_sarsa,n,5.000,0.100,0.100,0.990,42,35,27
n_step_sarsa,n,5.000,0.100,0.100,0.990,42,36,44
n_step_sarsa,n,5.000,0.100,0.100,0.990,42,37,35
n_step_sarsa,n,5.000,0.100,0.100,0.990,42,38,62
n_step_sarsa,n,5.000,0.100,0.100,0.990,42,39,18
n_step_sarsa,n,5.000,0.100,0.100,0.990,42,40,77
n_step_sarsa,n,5.000,0.100,0.100,0.990,42,41,29
n_step_sarsa,n,5.000,0.100,0.100,0.990,42,42,30
n_step_sarsa,n,5.000,0.100,0.100,0.990,42,43,24
n_step_sarsa,n,5.000,0.100,0.100,0.990,42,44,50
n_step_sarsa,n,5.000,0.100,0.100,0.990,42,45,40
n_step_sarsa,n,5.000,0.100,0.100,0.990,42,46,25
n_step_sarsa,n,5.000,0.100,0.100,0.990,42,47,27
n_step_sarsa,n,5.000,0.100,0.100,0.990,42,48,29
n_step_sarsa,n,5.000,0.100,0.100,0.990,42,49,115
n_step_sarsa,n,5.000,0.100,0.100,0.990,42,50,70
n_step_sarsa,n,5.000,0.100,0.100,0.990,42,51,41
n_step_sarsa,n,5.000,0.100,0.100,0.990,42,52,36
n_step_sarsa,n,5.000,0.100,0.100,0.990,42,53,76
n_step_sarsa,n,5.000,0.100,0.100,0.990,42,54,45
n_step_sarsa,n,5.000,0.100,0.100,0.990,42,55,50
n_step_sarsa,n,5.000,0.100,0.100,0.990,42,56,31
n_step_sarsa,n,5.000,0.100,0.100,0.990,42,57,40
n_step_sarsa,n,5.000,0.100,0.100,0.990,42,58,26
n_step_sarsa,n,5.000,0.100,0.100,0.990,42,59,23
n_step_sarsa,n,5.000,0.100,0.100,0.990,42,60,19
n_step_sarsa,n,5.000,0.100,0.100,0.990,42,61,19
n_step_sarsa,n,5.000,0.100,0.100,0.990,42,62,27
n_step_sarsa,n,5.000,0.100,0.100,0.990,42,63,23
n_step_sarsa,n,5.000,0.100,0.100,0.990,42,64,41
n_step_sarsa,n,5.000,0.100,0.100,0.990,42,65,34
n_step_sarsa,n,5.000,0.100,0.100,0.990,42,66,50
n_step_sarsa,n,5.000,0.100,0.100,0.990,42,67,43
n_step_sarsa,n,5.000,0.100,0.100,0.990,42,68,22
n_step_sarsa,n,5.000,0.100,0.100,0.990,42,69,19
n_step_sarsa,n,5.000,0.100,0.100,0.990,42,70,31
n_step_sarsa,n,5.000,0.100,0.100,0.990,42,71,20
n_step_sarsa,n,5.000,0.100,0.100,0.990,42,72,37
n_step_sarsa,n,5.000,0.100,0.100,0.990,42,73,26
n_step_sarsa,n,5.000,0.100,0.100,0.990,42,74,27
n_step_sarsa,n,5.000,0.100,0.100,0.990,42,75,56
n_step_sarsa,n,5.000,0.100,0.100,0.990,42,76,49
n_step_sarsa,n,5.000,0.100,0.100,0.990,42,77,30
n_step_sarsa,n,5.000,0.100,0.100,0.990,42,78,24
n_step_sarsa,n,5.000,0.100,0.100,0.990,42,79,21
n_step_sarsa,n,5.000,0.100,0.100,0.990,42,80,20
sarsa_lambda,lambda,0.500,0.100,0.100,0.990,13,1,3097
sarsa_lambda,lambda,0.500,0.100,0.100,0.990,13,2,990
sarsa_lambda,lambda,0.500,0.100,0.100,0.990,13,3,183
sarsa_lambda,lambda,0.500,0.100,0.100,0.990,13,4,234
sarsa_lambda,lambda,0.500,0.100,0.100,0.990,13,5,404
sarsa_lambda,lambda,0.500,0.100,0.100,0.990,13,6,328
sarsa_lambda,lambda,0.500,0.100,0.100,0.990,13,7,606
sarsa_lambda,lambda,0.500,0.100,0.100,0.990,13,8,218
sarsa_lambda,lambda,0.500,0.100,0.100,0.990,13,9,204
sarsa_lambda,lambda,0.500,0.100,0.100,0.990,13,10,220
sarsa_lambda,lambda,0.500,0.100,0.100,0.990,13,11,124
sarsa_lambda,lambda,0.500,0.100,0.100,0.990,13,12,157
sarsa_lambda,lambda,0.500,0.100,0.100,0.990,13,13,115
sarsa_lambda,lambda,0.500,0.100,0.100,0.990,13,14,188
sarsa_lambda,lambda,0.500,0.100,0.100,0.990,13,15,51
sarsa_lambda,lambda,0.500,0.100,0.100,0.990,13,16,107
sarsa_lambda,lambda,0.500,0.100,0.100,0.990,13,17,211
sarsa_lambda,lambda,0.500,0.100,0.100,0.990,13,18,132
sarsa_lambda,lambda,0.500,0.100,0.100,0.990,13,19,248
sarsa_lambda,lambda,0.500,0.100,0.100,0.990,13,20,222
sarsa_lambda,lambda,0.500,0.100,0.100,0.990,13,21,48
sarsa_lambda,lambda,0.500,0.100,0.100,0.990,13,22,100
sarsa_lambda,lambda,0.500,0.100,0.100,0.990,13,23,66
sarsa_lambda,lambda,0.500,0.100,0.100,0.990,13,24,88
sarsa_lambda,lambda,0.500,0.100,0.100,0.990,13,25,192
sarsa_lambda,lambda,0.500,0.100,0.100,0.990,13,26,123
sarsa_lambda,lambda,0.500,0.100,0.100,0.990,13,27,133
sarsa_lambda,lambda,0.500,0.100,0.100,0.990,13,28,34
sarsa_lambda,lambda,0.500,0.100,0.100,0.990,13,29,39
sarsa_lambda,lambda,0.500,0.100,0.100,0.990,13,30,185
sarsa_lambda,lambda,0.500,0.100,0.100,0.990,13,31,32
sarsa_lambda,lambda,0.500,0.100,0.100,0.990,13,32,28
sarsa_lambda,lambda,0.500,0.100,0.100,0.990,13,33,53
sarsa_lambda,lambda,0.500,0.100,0.100,0.990,13,34,132
sarsa_lambda,lambda,0.500,0.100,0.100,0.990,13,35,89
sarsa_lambda,lambda,0.500,0.100,0.100,0.990,13,36,24
sarsa_lambda,lambda,0.500,0.100,0.100,0.990,13,37,31
sarsa_lambda,lambda,0.500,0.100,0.100,0.990,13,38,144
sarsa_lambda,lambda,0.500,0.100,0.100,0.990,13,39,152
sarsa_lambda,lambda,0.500,0.100,0.100,0.990,13,40,38
sarsa_lambda,lambda,0.500,0.100,0.100,0.990,13,41,36
sarsa_lambda,lambda,0.500,0.100,0.100,0.990,13,42,51
sarsa_lambda,lambda,0.500,0.100,0.100,0.990,13,43,63
sarsa_lambda,lambda,0.500,0.100,0.100,0.990,13,44,96
sarsa_lambda,lambda,0.500,0.100,0.100,0.990,13,45,51
sarsa_lambda,lambda,0.500,0.100,0.100,0.990,13,46,31
sarsa_lambda,lambda,0.500,0.100,0.100,0.990,13,47,43
sarsa_lambda,lambda,0.500,0.100,0.100,0.990,13,48,64
sarsa_lambda,lambda,0.500,0.100,0.100,0.990,13,49,59
sarsa_lambda,lambda,0.500,0.100,0.100,0.990,13,50,24
sarsa_lambda,lambda,0.500,0.100,0.100,0.990,13,51,38
sarsa_lambda,lambda,0.500,0.100,0.100,0.990,13,52,36
sarsa_lambda,lambda,0.500,0.100,0.100,0.990,13,53,103
sarsa_lambda,lambda,0.500,0.100,0.100,0.990,13,54,39
sarsa_lambda,lambda,0.500,0.100,0.100,0.990,13,55,119
sarsa_lambda,lambda,0.500,0.100,0.100,0.990,13,56,84
sarsa_lambda,lambda,0.500,0.100,0.100,0.990,13,57,29
sarsa_lambda,lambda,0.500,0.100,0.100,0.990,13,58,51
sarsa_lambda,lambda,0.500,0.100,0.100,0.990,13,59,77
sarsa_lambda,lambda,0.500,0.100,0.100,0.990,13,60,46
sarsa_lambda,lambda,0.500,0.100,0.100,0.990,13,61,39
sarsa_lambda,lambda,0.500,0.100,0.100,0.990,13,62,59
sarsa_lambda,lambda,0.500,0.100,0.100,0.990,13,63,32
sarsa_lambda,lambda,0.500,0.100,0.100,0.990,13,64,43
sarsa_lambda,lambda,0.500,0.100,0.100,0.990,13,65,38
sarsa_lambda,lambda,0.500,0.100,0.100,0.990,13,66,58
sarsa_lambda,lambda,0.500,0.100,0.100,0.990,13,67,23
sarsa_lambda,lambda,0.500,0.100,0.100,0.990,13,68,36
sarsa_lambda,lambda,0.500,0.100,0.100,0.990,13,69,31
sarsa_lambda,lambda,0.500,0.100,0.100,0.990,13,70,72
sarsa_lambda,lambda,0.500,0.100,0.100,0.990,13,71,53
sarsa_lambda,lambda,0.500,0.100,0.100,0.990,13,72,29
sarsa_lambda,lambda,0.500,0.100,0.100,0.990,13,73,32
sarsa_lambda,lambda,0.500,0.100,0.100,0.990,13,74,76
sarsa_lambda,lambda,0.500,0.100,0.100,0.990,13,75,38
sarsa_lambda,lambda,0.500,0.100,0.100,0.990,13,76,43
sarsa_lambda,lambda,0.500,0.100,0.100,0.990,13,77,39
sarsa_lambda,lambda,0.500,0.100,0.100,0.990,13,78,32
sarsa_lambda,lambda,0.500,0.100,0.100,0.990,13,79,40
sarsa_lambda,lambda,0.500,0.100,0.100,0.990,13,80,42
sarsa_lambda,lambda,0.500,0.100,0.100,0.990,42,1,3189
sarsa_lambda,lambda,0.500,0.100,0.100,0.990,42,2,240
sarsa_lambda,lambda,0.500,0.100,0.100,0.990,42,3,744
sarsa_lambda,lambda,0.500,0.100,0.100,0.990,42,4,211
sarsa_lambda,lambda,0.500,0.100,0.100,0.990,42,5,1063
sarsa_lambda,lambda,0.500,0.100,0.100,0.990,42,6,223
sarsa_lambda,lambda,0.500,0.100,0.100,0.990,42,7,171
sarsa_lambda,lambda,0.500,0.100,0.100,0.990,42,8,229
sarsa_lambda,lambda,0.500,0.100,0.100,0.990,42,9,250
sarsa_lambda,lambda,0.500,0.100,0.100,0.990,42,10,105
sarsa_lambda,lambda,0.500,0.100,0.100,0.990,42,11,222
sarsa_lambda,lambda,0.500,0.100,0.100,0.990,42,12,112
sarsa_lambda,lambda,0.500,0.100,0.100,0.990,42,13,148
sarsa_lambda,lambda,0.500,0.100,0.100,0.990,42,14,62
sarsa_lambda,lambda,0.500,0.100,0.100,0.990,42,15,158
sarsa_lambda,lambda,0.500,0.100,0.100,0.990,42,16,69
sarsa_lambda,lambda,0.500,0.100,0.100,0.990,42,17,249
sarsa_lambda,lambda,0.500,0.100,0.100,0.990,42,18,229
sarsa_lambda,lambda,0.500,0.100,0.100,0.990,42,19,316
sarsa_lambda,lambda,0.500,0.100,0.100,0.990,42,20,114
sarsa_lambda,lambda,0.500,0.100,0.100,0.990,42,21,49
sarsa_lambda,lambda,0.500,0.100,0.100,0.990,42,22,86
sarsa_lambda,lambda,0.500,0.100,0.100,0.990,42,23,45
sarsa_lambda,lambda,0.500,0.100,0.100,0.990,42,24,29
sarsa_lambda,lambda,0.500,0.100,0.100,0.990,42,25,101
sarsa_lambda,lambda,0.500,0.100,0.100,0.990,42,26,124
sarsa_lambda,lambda,0.500,0.100,0.100,0.990,42,27,51
sarsa_lambda,lambda,0.500,0.100,0.100,0.990,42,28,171
sarsa_lambda,lambda,0.500,0.100,0.100,0.990,42,29,125
sarsa_lambda,lambda,0.500,0.100,0.100,0.990,42,30,158
sarsa_lambda,lambda,0.500,0.100,0.100,0.990,42,31,69
sarsa_lambda,lambda,0.500,0.100,0.100,0.990,42,32,58
sarsa_lambda,lambda,0.500,0.100,0.100,0.990,42,33,78
sarsa_lambda,lambda,0.500,0.100,0.100,0.990,42,34,61
sarsa_lambda,lambda,0.500,0.100,0.100,0.990,42,35,96
sarsa_lambda,lambda,0.500,0.100,0.100,0.990,42,36,32
sarsa_lambda,lambda,0.500,0.100,0.100,0.990,42,37,82
sarsa_lambda,lambda,0.500,0.100,0.100,0.990,42,38,95
sarsa_lambda,lambda,0.500,0.100,0.100,0.990,42,39,25
sarsa_lambda,lambda,0.500,0.100,0.100,0.990,42,40,65
sarsa_lambda,lambda,0.500,0.100,0.100,0.990,42,41,20
sarsa_lambda,lambda,0.500,0.100,0.100,0.990,42,42,93
sarsa_lambda,lambda,0.500,0.100,0.100,0.990,42,43,26
sarsa_lambda,lambda,0.500,0.100,0.100,0.990,42,44,87
sarsa_lambda,lambda,0.500,0.100,0.100,0.990,42,45,45
sarsa_lambda,lambda,0.500,0.100,0.100,0.990,42,46,61
sarsa_lambda,lambda,0.500,0.100,0.100,0.990,42,47,37
sarsa_lambda,lambda,0.500,0.100,0.100,0.990,42,48,134
sarsa_lambda,lambda,0.500,0.100,0.100,0.990,42,49,119
sarsa_lambda,lambda,0.500,0.100,0.100,0.990,42,50,53
sarsa_lambda,lambda,0.500,0.100,0.100,0.990,42,51,53
sarsa_lambda,lambda,0.500,0.100,0.100,0.990,42,52,63
sarsa_lambda,lambda,0.500,0.100,0.100,0.990,42,53,88
sarsa_lambda,lambda,0.500,0.100,0.100,0.990,42,54,93
sarsa_lambda,lambda,0.500,0.100,0.100,0.990,42,55,31
sarsa_lambda,lambda,0.500,0.100,0.100,0.990,42,56,25
sarsa_lambda,lambda,0.500,0.100,0.100,0.990,42,57,41
sarsa_lambda,lambda,0.500,0.100,0.100,0.990,42,58,42
sarsa_lambda,lambda,0.500,0.100,0.100,0.990,42,59,46
sarsa_lambda,lambda,0.500,0.100,0.100,0.990,42,60,47
sarsa_lambda,lambda,0.500,0.100,0.100,0.990,42,61,54
sarsa_lambda,lambda,0.500,0.100,0.100,0.990,42,62,31
sarsa_lambda,lambda,0.500,0.100,0.100,0.990,42,63,81
sarsa_lambda,lambda,0.500,0.100,0.100,0.990,42,64,43
sarsa_lambda,lambda,0.500,0.100,0.100,0.990,42,65,74
sarsa_lambda,lambda,0.500,0.100,0.100,0.990,42,66,21
sarsa_lambda,lambda,0.500,0.100,0.100,0.990,42,67,45
sarsa_lambda,lambda,0.500,0.100,0.100,0.990,42,68,47
sarsa_lambda,lambda,0.500,0.100,0.100,0.990,42,69,44
sarsa_lambda,lambda,0.500,0.100,0.100,0.990,42,70,125
sarsa_lambda,lambda,0.500,0.100,0.100,0.990,42,71,49
sarsa_lambda,lambda,0.500,0.100,0.100,0.990,42,72,55
sarsa_lambda,lambda,0.500,0.100,0.100,0.990,42,73,71
sarsa_lambda,lambda,0.500,0.100,0.100,0.990,42,74,23
sarsa_lambda,lambda,0.500,0.100,0.100,0.990,42,75,83
sarsa_lambda,lambda,0.500,0.100,0.100,0.990,42,76,51
sarsa_lambda,lambda,0.500,0.100,0.100,0.990,42,77,39
sarsa_lambda,lambda,0.500,0.100,0.100,0.990,42,78,38
sarsa_lambda,lambda,0.500,0.100,0.100,0.990,42,79,28
sarsa_lambda,lambda,0.500,0.100,0.100,0.990,42,80,30
n_step_sarsa,n,5.000,0.300,0.100,0.990,13,1,2438
n_step_sarsa,n,5.000,0.300,0.100,0.990,13,2,1480
n_step_sarsa,n,5.000,0.300,0.100,0.990,13,3,1641
n_step_sarsa,n,5.000,0.300,0.100,0.990,13,4,64
n_step_sarsa,n,5.000,0.300,0.100,0.990,13,5,31
n_step_sarsa,n,5.000,0.300,0.100,0.990,13,6,275
n_step_sarsa,n,5.000,0.300,0.100,0.990,13,7,120
n_step_sarsa,n,5.000,0.300,0.100,0.990,13,8,61
n_step_sarsa,n,5.000,0.300,0.100,0.990,13,9,19
n_step_sarsa,n,5.000,0.300,0.100,0.990,13,10,19
n_step_sarsa,n,5.000,0.300,0.100,0.990,13,11,20
n_step_sarsa,n,5.000,0.300,0.100,0.990,13,12,42
n_step_sarsa,n,5.000,0.300,0.100,0.990,13,13,38
n_step_sarsa,n,5.000,0.300,0.100,0.990,13,14,21
n_step_sarsa,n,5.000,0.300,0.100,0.990,13,15,25
n_step_sarsa,n,5.000,0.300,0.100,0.990,13,16,19
n_step_sarsa,n,5.000,0.300,0.100,0.990,13,17,20
n_step_sarsa,n,5.000,0.300,0.100,0.990,13,18,35
n_step_sarsa,n,5.000,0.300,0.100,0.990,13,19,21
n_step_sarsa,n,5.000,0.300,0.100,0.990,13,20,20
n_step_sarsa,n,5.000,0.300,0.100,0.990,13,21,19
n_step_sarsa,n,5.000,0.300,0.100,0.990,13,22,26
n_step_sarsa,n,5.000,0.300,0.100,0.990,13,23,36
n_step_sarsa,n,5.000,0.300,0.100,0.990,13,24,18
n_step_sarsa,n,5.000,0.300,0.100,0.990,13,25,20
n_step_sarsa,n,5.000,0.300,0.100,0.990,13,26,25
n_step_sarsa,n,5.000,0.300,0.100,0.990,13,27,22
n_step_sarsa,n,5.000,0.300,0.100,0.990,13,28,18
n_step_sarsa,n,5.000,0.300,0.100,0.990,13,29,24
n_step_sarsa,n,5.000,0.300,0.100,0.990,13,30,26
n_step_sarsa,n,5.000,0.300,0.100,0.990,13,31,20
n_step_sarsa,n,5.000,0.300,0.100,0.990,13,32,20
n_step_sarsa,n,5.000,0.300,0.100,0.990,13,33,20
n_step_sarsa,n,5.000,0.300,0.100,0.990,13,34,19
n_step_sarsa,n,5.000,0.300,0.100,0.990,13,35,20
n_step_sarsa,n,5.000,0.300,0.100,0.990,13,36,21
n_step_sarsa,n,5.000,0.300,0.100,0.990,13,37,18
n_step_sarsa,n,5.000,0.300,0.100,0.990,13,38,24
n_step_sarsa,n,5.000,0.300,0.100,0.990,13,39,18
n_step_sarsa,n,5.000,0.300,0.100,0.990,13,40,18
n_step_sarsa,n,5.000,0.300,0.100,0.990,13,41,18
n_step_sarsa,n,5.000,0.300,0.100,0.990,13,42,18
n_step_sarsa,n,5.000,0.300,0.100,0.990,13,43,21
n_step_sarsa,n,5.000,0.300,0.100,0.990,13,44,26
n_step_sarsa,n,5.000,0.300,0.100,0.990,13,45,23
n_step_sarsa,n,5.000,0.300,0.100,0.990,13,46,22
n_step_sarsa,n,5.000,0.300,0.100,0.990,13,47,21
n_step_sarsa,n,5.000,0.300,0.100,0.990,13,48,21
n_step_sarsa,n,5.000,0.300,0.100,0.990,13,49,18
n_step_sarsa,n,5.000,0.300,0.100,0.990,13,50,18
n_step_sarsa,n,5.000,0.300,0.100,0.990,13,51,19
n_step_sarsa,n,5.000,0.300,0.100,0.990,13,52,23
n_step_sarsa,n,5.000,0.300,0.100,0.990,13,53,19
n_step_sarsa,n,5.000,0.300,0.100,0.990,13,54,21
n_step_sarsa,n,5.000,0.300,0.100,0.990,13,55,18
n_step_sarsa,n,5.000,0.300,0.100,0.990,13,56,21
n_step_sarsa,n,5.000,0.300,0.100,0.990,13,57,22
n_step_sarsa,n,5.000,0.300,0.100,0.990,13,58,21
n_step_sarsa,n,5.000,0.300,0.100,0.990,13,59,21
n_step_sarsa,n,5.000,0.300,0.100,0.990,13,60,31
n_step_sarsa,n,5.000,0.300,0.100,0.990,13,61,20
n_step_sarsa,n,5.000,0.300,0.100,0.990,13,62,26
n_step_sarsa,n,5.000,0.300,0.100,0.990,13,63,20
n_step_sarsa,n,5.000,0.300,0.100,0.990,13,64,20
n_step_sarsa,n,5.000,0.300,0.100,0.990,13,65,18
n_step_sarsa,n,5.000,0.300,0.100,0.990,13,66,18
n_step_sarsa,n,5.000,0.300,0.100,0.990,13,67,23
n_step_sarsa,n,5.000,0.300,0.100,0.990,13,68,19
n_step_sarsa,n,5.000,0.300,0.100,0.990,13,69,18
n_step_sarsa,n,5.000,0.300,0.100,0.990,13,70,18
n_step_sarsa,n,5.000,0.300,0.100,0.990,13,71,18
n_step_sarsa,n,5.000,0.300,0.100,0.990,13,72,21
n_step_sarsa,n,5.000,0.300,0.100,0.990,13,73,22
n_step_sarsa,n,5.000,0.300,0.100,0.990,13,74,23
n_step_sarsa,n,5.000,0.300,0.100,0.990,13,75,21
n_step_sarsa,n,5.000,0.300,0.100,0.990,13,76,20
n_step_sarsa,n,5.000,0.300,0.100,0.990,13,77,18
n_step_sarsa,n,5.000,0.300,0.100,0.990,13,78,18
n_step_sarsa,n,5.000,0.300,0.100,0.990,13,79,35
n_step_sarsa,n,5.000,0.300,0.100,0.990,13,80,22
n_step_sarsa,n,5.000,0.300,0.100,0.990,42,1,3778
n_step_sarsa,n,5.000,0.300,0.100,0.990,42,2,780
n_step_sarsa,n,5.000,0.300,0.100,0.990,42,3,48
n_step_sarsa,n,5.000,0.300,0.100,0.990,42,4,96
n_step_sarsa,n,5.000,0.300,0.100,0.990,42,5,196
n_step_sarsa,n,5.000,0.300,0.100,0.990,42,6,27
n_step_sarsa,n,5.000,0.300,0.100,0.990,42,7,32
n_step_sarsa,n,5.000,0.300,0.100,0.990,42,8,54
n_step_sarsa,n,5.000,0.300,0.100,0.990,42,9,54
n_step_sarsa,n,5.000,0.300,0.100,0.990,42,10,24
n_step_sarsa,n,5.000,0.300,0.100,0.990,42,11,38
n_step_sarsa,n,5.000,0.300,0.100,0.990,42,12,24
n_step_sarsa,n,5.000,0.300,0.100,0.990,42,13,21
n_step_sarsa,n,5.000,0.300,0.100,0.990,42,14,35
n_step_sarsa,n,5.000,0.300,0.100,0.990,42,15,30
n_step_sarsa,n,5.000,0.300,0.100,0.990,42,16,34
n_step_sarsa,n,5.000,0.300,0.100,0.990,42,17,24
n_step_sarsa,n,5.000,0.300,0.100,0.990,42,18,19
n_step_sarsa,n,5.000,0.300,0.100,0.990,42,19,21
n_step_sarsa,n,5.000,0.300,0.100,0.990,42,20,21
n_step_sarsa,n,5.000,0.300,0.100,0.990,42,21,19
n_step_sarsa,n,5.000,0.300,0.100,0.990,42,22,41
n_step_sarsa,n,5.000,0.300,0.100,0.990,42,23,21
n_step_sarsa,n,5.000,0.300,0.100,0.990,42,24,31
n_step_sarsa,n,5.000,0.300,0.100,0.990,42,25,20
n_step_sarsa,n,5.000,0.300,0.100,0.990,42,26,19
n_step_sarsa,n,5.000,0.300,0.100,0.990,42,27,20
n_step_sarsa,n,5.000,0.300,0.100,0.990,42,28,21
n_step_sarsa,n,5.000,0.300,0.100,0.990,42,29,21
n_step_sarsa,n,5.000,0.300,0.100,0.990,42,30,18
n_step_sarsa,n,5.000,0.300,0.100,0.990,42,31,23
n_step_sarsa,n,5.000,0.300,0.100,0.990,42,32,28
n_step_sarsa,n,5.000,0.300,0.100,0.990,42,33,19
n_step_sarsa,n,5.000,0.300,0.100,0.990,42,34,19
n_step_sarsa,n,5.000,0.300,0.100,0.990,42,35,20
n_step_sarsa,n,5.000,0.300,0.100,0.990,42,36,20
n_step_sarsa,n,5.000,0.300,0.100,0.990,42,37,21
n_step_sarsa,n,5.000,0.300,0.100,0.990,42,38,19
n_step_sarsa,n,5.000,0.300,0.100,0.990,42,39,23
n_step_sarsa,n,5.000,0.300,0.100,0.990,42,40,21
n_step_sarsa,n,5.000,0.300,0.100,0.990,42,41,21
n_step_sarsa,n,5.000,0.300,0.100,0.990,42,42,35
n_step_sarsa,n,5.000,0.300,0.100,0.990,42,43,34
n_step_sarsa,n,5.000,0.300,0.100,0.990,42,44,23
n_step_sarsa,n,5.000,0.300,0.100,0.990,42,45,24
n_step_sarsa,n,5.000,0.300,0.100,0.990,42,46,19
n_step_sarsa,n,5.000,0.300,0.100,0.990,42,47,26
n_step_sarsa,n,5.000,0.300,0.100,0.990,42,48,25
n_step_sarsa,n,5.000,0.300,0.100,0.990,42,49,23
n_step_sarsa,n,5.000,0.300,0.100,0.990,42,50,25
n_step_sarsa,n,5.000,0.300,0.100,0.990,42,51,23
n_step_sarsa,n,5.000,0.300,0.100,0.990,42,52,52
n_step_sarsa,n,5.000,0.300,0.100,0.990,42,53,50
n_step_sarsa,n,5.000,0.300,0.100,0.990,42,54,29
n_step_sarsa,n,5.000,0.300,0.100,0.990,42,55,29
n_step_sarsa,n,5.000,0.300,0.100,0.990,42,56,26
n_step_sarsa,n,5.000,0.300,0.100,0.990,42,57,28
n_step_sarsa,n,5.000,0.300,0.100,0.990,42,58,34
n_step_sarsa,n,5.000,0.300,0.100,0.990,42,59,24
n_step_sarsa,n,5.000,0.300,0.100,0.990,42,60,20
n_step_sarsa,n,5.000,0.300,0.100,0.990,42,61,22
n_step_sarsa,n,5.000,0.300,0.100,0.990,42,62,24
n_step_sarsa,n,5.000,0.300,0.100,0.990,42,63,23
n_step_sarsa,n,5.000,0.300,0.100,0.990,42,64,22
n_step_sarsa,n,5.000,0.300,0.100,0.990,42,65,24
n_step_sarsa,n,5.000,0.300,0.100,0.990,42,66,26
n_step_sarsa,n,5.000,0.300,0.100,0.990,42,67,24
n_step_sarsa,n,5.000,0.300,0.100,0.990,42,68,24
n_step_sarsa,n,5.000,0.300,0.100,0.990,42,69,22
n_step_sarsa,n,5.000,0.300,0.100,0.990,42,70,23
n_step_sarsa,n,5.000,0.300,0.100,0.990,42,71,24
n_step_sarsa,n,5.000,0.300,0.100,0.990,42,72,25
n_step_sarsa,n,5.000,0.300,0.100,0.990,42,73,36
n_step_sarsa,n,5.000,0.300,0.100,0.990,42,74,21
n_step_sarsa,n,5.000,0.300,0.100,0.990,42,75,29
n_step_sarsa,n,5.000,0.300,0.100,0.990,42,76,24
n_step_sarsa,n,5.000,0.300,0.100,0.990,42,77,21
n_step_sarsa,n,5.000,0.300,0.100,0.990,42,78,23
n_step_sarsa,n,5.000,0.300,0.100,0.990,42,79,23
n_step_sarsa,n,5.000,0.300,0.100,0.990,42,80,23
sarsa_lambda,lambda,0.500,0.300,0.100,0.990,13,1,1353
sarsa_lambda,lambda,0.500,0.300,0.100,0.990,13,2,761
sarsa_lambda,lambda,0.500,0.300,0.100,0.990,13,3,246
sarsa_lambda,lambda,0.500,0.300,0.100,0.990,13,4,187
sarsa_lambda,lambda,0.500,0.300,0.100,0.990,13,5,117
sarsa_lambda,lambda,0.500,0.300,0.100,0.990,13,6,348
sarsa_lambda,lambda,0.500,0.300,0.100,0.990,13,7,142
sarsa_lambda,lambda,0.500,0.300,0.100,0.990,13,8,116
sarsa_lambda,lambda,0.500,0.300,0.100,0.990,13,9,131
sarsa_lambda,lambda,0.500,0.300,0.100,0.990,13,10,23
sarsa_lambda,lambda,0.500,0.300,0.100,0.990,13,11,32
sarsa_lambda,lambda,0.500,0.300,0.100,0.990,13,12,30
sarsa_lambda,lambda,0.500,0.300,0.100,0.990,13,13,81
sarsa_lambda,lambda,0.500,0.300,0.100,0.990,13,14,31
sarsa_lambda,lambda,0.500,0.300,0.100,0.990,13,15,145
sarsa_lambda,lambda,0.500,0.300,0.100,0.990,13,16,48
sarsa_lambda,lambda,0.500,0.300,0.100,0.990,13,17,53
sarsa_lambda,lambda,0.500,0.300,0.100,0.990,13,18,82
sarsa_lambda,lambda,0.500,0.300,0.100,0.990,13,19,34
sarsa_lambda,lambda,0.500,0.300,0.100,0.990,13,20,65
sarsa_lambda,lambda,0.500,0.300,0.100,0.990,13,21,55
sarsa_lambda,lambda,0.500,0.300,0.100,0.990,13,22,28
sarsa_lambda,lambda,0.500,0.300,0.100,0.990,13,23,44
sarsa_lambda,lambda,0.500,0.300,0.100,0.990,13,24,85
sarsa_lambda,lambda,0.500,0.300,0.100,0.990,13,25,42
sarsa_lambda,lambda,0.500,0.300,0.100,0.990,13,26,85
sarsa_lambda,lambda,0.500,0.300,0.100,0.990,13,27,49
sarsa_lambda,lambda,0.500,0.300,0.100,0.990,13,28,78
sarsa_lambda,lambda,0.500,0.300,0.100,0.990,13,29,69
sarsa_lambda,lambda,0.500,0.300,0.100,0.990,13,30,39
sarsa_lambda,lambda,0.500,0.300,0.100,0.990,13,31,50
sarsa_lambda,lambda,0.500,0.300,0.100,0.990,13,32,30
sarsa_lambda,lambda,0.500,0.300,0.100,0.990,13,33,30
sarsa_lambda,lambda,0.500,0.300,0.100,0.990,13,34,34
sarsa_lambda,lambda,0.500,0.300,0.100,0.990,13,35,20
sarsa_lambda,lambda,0.500,0.300,0.100,0.990,13,36,31
sarsa_lambda,lambda,0.500,0.300,0.100,0.990,13,37,75
sarsa_lambda,lambda,0.500,0.300,0.100,0.990,13,38,29
sarsa_lambda,lambda,0.500,0.300,0.100,0.990,13,39,39
sarsa_lambda,lambda,0.500,0.300,0.100,0.990,13,40,37
sarsa_lambda,lambda,0.500,0.300,0.100,0.990,13,41,37
sarsa_lambda,lambda,0.500,0.300,0.100,0.990,13,42,36
sarsa_lambda,lambda,0.500,0.300,0.100,0.990,13,43,26
sarsa_lambda,lambda,0.500,0.300,0.100,0.990,13,44,32
sarsa_lambda,lambda,0.500,0.300,0.100,0.990,13,45,27
sarsa_lambda,lambda,0.500,0.300,0.100,0.990,13,46,34
sarsa_lambda,lambda,0.500,0.300,0.100,0.990,13,47,68
sarsa_lambda,lambda,0.500,0.300,0.100,0.990,13,48,29
sarsa_lambda,lambda,0.500,0.300,0.100,0.990,13,49,27
sarsa_lambda,lambda,0.500,0.300,0.100,0.990,13,50,30
sarsa_lambda,lambda,0.500,0.300,0.100,0.990,13,51,44
sarsa_lambda,lambda,0.500,0.300,0.100,0.990,13,52,22
sarsa_lambda,lambda,0.500,0.300,0.100,0.990,13,53,55
sarsa_lambda,lambda,0.500,0.300,0.100,0.990,13,54,31
sarsa_lambda,lambda,0.500,0.300,0.100,0.990,13,55,33
sarsa_lambda,lambda,0.500,0.300,0.100,0.990,13,56,26
sarsa_lambda,lambda,0.500,0.300,0.100,0.990,13,57,24
sarsa_lambda,lambda,0.500,0.300,0.100,0.990,13,58,28
sarsa_lambda,lambda,0.500,0.300,0.100,0.990,13,59,53
sarsa_lambda,lambda,0.500,0.300,0.100,0.990,13,60,25
sarsa_lambda,lambda,0.500,0.300,0.100,0.990,13,61,27
sarsa_lambda,lambda,0.500,0.300,0.100,0.990,13,62,41
sarsa_lambda,lambda,0.500,0.300,0.100,0.990,13,63,20
sarsa_lambda,lambda,0.500,0.300,0.100,0.990,13,64,21
sarsa_lambda,lambda,0.500,0.300,0.100,0.990,13,65,42
sarsa_lambda,lambda,0.500,0.300,0.100,0.990,13,66,20
sarsa_lambda,lambda,0.500,0.300,0.100,0.990,13,67,54
sarsa_lambda,lambda,0.500,0.300,0.100,0.990,13,68,31
sarsa_lambda,lambda,0.500,0.300,0.100,0.990,13,69,24
sarsa_lambda,lambda,0.500,0.300,0.100,0.990,13,70,31
sarsa_lambda,lambda,0.500,0.300,0.100,0.990,13,71,19
sarsa_lambda,lambda,0.500,0.300,0.100,0.990,13,72,26
sarsa_lambda,lambda,0.500,0.300,0.100,0.990,13,73,28
sarsa_lambda,lambda,0.500,0.300,0.100,0.990,13,74,34
sarsa_lambda,lambda,0.500,0.300,0.100,0.990,13,75,37
sarsa_lambda,lambda,0.500,0.300,0.100,0.990,13,76,32
sarsa_lambda,lambda,0.500,0.300,0.100,0.990,13,77,23
sarsa_lambda,lambda,0.500,0.300,0.100,0.990,13,78,36
sarsa_lambda,lambda,0.500,0.300,0.100,0.990,13,79,22
sarsa_lambda,lambda,0.500,0.300,0.100,0.990,13,80,20
sarsa_lambda,lambda,0.500,0.300,0.100,0.990,42,1,1506
sarsa_lambda,lambda,0.500,0.300,0.100,0.990,42,2,382
sarsa_lambda,lambda,0.500,0.300,0.100,0.990,42,3,162
sarsa_lambda,lambda,0.500,0.300,0.100,0.990,42,4,222
sarsa_lambda,lambda,0.500,0.300,0.100,0.990,42,5,390
sarsa_lambda,lambda,0.500,0.300,0.100,0.990,42,6,40
sarsa_lambda,lambda,0.500,0.300,0.100,0.990,42,7,225
sarsa_lambda,lambda,0.500,0.300,0.100,0.990,42,8,45
sarsa_lambda,lambda,0.500,0.300,0.100,0.990,42,9,76
sarsa_lambda,lambda,0.500,0.300,0.100,0.990,42,10,72
sarsa_lambda,lambda,0.500,0.300,0.100,0.990,42,11,47
sarsa_lambda,lambda,0.500,0.300,0.100,0.990,42,12,85
sarsa_lambda,lambda,0.500,0.300,0.100,0.990,42,13,132
sarsa_lambda,lambda,0.500,0.300,0.100,0.990,42,14,141
sarsa_lambda,lambda,0.500,0.300,0.100,0.990,42,15,34
sarsa_lambda,lambda,0.500,0.300,0.100,0.990,42,16,83
sarsa_lambda,lambda,0.500,0.300,0.100,0.990,42,17,43
sarsa_lambda,lambda,0.500,0.300,0.100,0.990,42,18,61
sarsa_lambda,lambda,0.500,0.300,0.100,0.990,42,19,26
sarsa_lambda,lambda,0.500,0.300,0.100,0.990,42,20,23
sarsa_lambda,lambda,0.500,0.300,0.100,0.990,42,21,81
sarsa_lambda,lambda,0.500,0.300,0.100,0.990,42,22,54
sarsa_lambda,lambda,0.500,0.300,0.100,0.990,42,23,42
sarsa_lambda,lambda,0.500,0.300,0.100,0.990,42,24,20
sarsa_lambda,lambda,0.500,0.300,0.100,0.990,42,25,77
sarsa_lambda,lambda,0.500,0.300,0.100,0.990,42,26,97
sarsa_lambda,lambda,0.500,0.300,0.100,0.990,42,27,36
sarsa_lambda,lambda,0.500,0.300,0.100,0.990,42,28,57
sarsa_lambda,lambda,0.500,0.300,0.100,0.990,42,29,59
sarsa_lambda,lambda,0.500,0.300,0.100,0.990,42,30,30
sarsa_lambda,lambda,0.500,0.300,0.100,0.990,42,31,101
sarsa_lambda,lambda,0.500,0.300,0.100,0.990,42,32,52
sarsa_lambda,lambda,0.500,0.300,0.100,0.990,42,33,33
sarsa_lambda,lambda,0.500,0.300,0.100,0.990,42,34,26
sarsa_lambda,lambda,0.500,0.300,0.100,0.990,42,35,26
sarsa_lambda,lambda,0.500,0.300,0.100,0.990,42,36,36
sarsa_lambda,lambda,0.500,0.300,0.100,0.990,42,37,75
sarsa_lambda,lambda,0.500,0.300,0.100,0.990,42,38,52
sarsa_lambda,lambda,0.500,0.300,0.100,0.990,42,39,36
sarsa_lambda,lambda,0.500,0.300,0.100,0.990,42,40,74
sarsa_lambda,lambda,0.500,0.300,0.100,0.990,42,41,48
sarsa_lambda,lambda,0.500,0.300,0.100,0.990,42,42,30
sarsa_lambda,lambda,0.500,0.300,0.100,0.990,42,43,67
sarsa_lambda,lambda,0.500,0.300,0.100,0.990,42,44,22
sarsa_lambda,lambda,0.500,0.300,0.100,0.990,42,45,60
sarsa_lambda,lambda,0.500,0.300,0.100,0.990,42,46,39
sarsa_lambda,lambda,0.500,0.300,0.100,0.990,42,47,32
sarsa_lambda,lambda,0.500,0.300,0.100,0.990,42,48,35
sarsa_lambda,lambda,0.500,0.300,0.100,0.990,42,49,30
sarsa_lambda,lambda,0.500,0.300,0.100,0.990,42,50,40
sarsa_lambda,lambda,0.500,0.300,0.100,0.990,42,51,59
sarsa_lambda,lambda,0.500,0.300,0.100,0.990,42,52,28
sarsa_lambda,lambda,0.500,0.300,0.100,0.990,42,53,37
sarsa_lambda,lambda,0.500,0.300,0.100,0.990,42,54,96
sarsa_lambda,lambda,0.500,0.300,0.100,0.990,42,55,21
sarsa_lambda,lambda,0.500,0.300,0.100,0.990,42,56,21
sarsa_lambda,lambda,0.500,0.300,0.100,0.990,42,57,26
sarsa_lambda,lambda,0.500,0.300,0.100,0.990,42,58,23
sarsa_lambda,lambda,0.500,0.300,0.100,0.990,42,59,41
sarsa_lambda,lambda,0.500,0.300,0.100,0.990,42,60,26
sarsa_lambda,lambda,0.500,0.300,0.100,0.990,42,61,23
sarsa_lambda,lambda,0.500,0.300,0.100,0.990,42,62,60
sarsa_lambda,lambda,0.500,0.300,0.100,0.990,42,63,41
sarsa_lambda,lambda,0.500,0.300,0.100,0.990,42,64,26
sarsa_lambda,lambda,0.500,0.300,0.100,0.990,42,65,44
sarsa_lambda,lambda,0.500,0.300,0.100,0.990,42,66,27
sarsa_lambda,lambda,0.500,0.300,0.100,0.990,42,67,25
sarsa_lambda,lambda,0.500,0.300,0.100,0.990,42,68,28
sarsa_lambda,lambda,0.500,0.300,0.100,0.990,42,69,22
sarsa_lambda,lambda,0.500,0.300,0.100,0.990,42,70,37
sarsa_lambda,lambda,0.500,0.300,0.100,0.990,42,71,22
sarsa_lambda,lambda,0.500,0.300,0.100,0.990,42,72,24
sarsa_lambda,lambda,0.500,0.300,0.100,0.990,42,73,29
sarsa_lambda,lambda,0.500,0.300,0.100,0.990,42,74,27
sarsa_lambda,lambda,0.500,0.300,0.100,0.990,42,75,33
sarsa_lambda,lambda,0.500,0.300,0.100,0.990,42,76,17
sarsa_lambda,lambda,0.500,0.300,0.100,0.990,42,77,20
sarsa_lambda,lambda,0.500,0.300,0.100,0.990,42,78,51
sarsa_lambda,lambda,0.500,0.300,0.100,0.990,42,79,26
sarsa_lambda,lambda,0.500,0.300,0.100,0.990,42,80,33
n_step_sarsa,n,5.000,0.500,0.100,0.990,13,1,2007
n_step_sarsa,n,5.000,0.500,0.100,0.990,13,2,278
n_step_sarsa,n,5.000,0.500,0.100,0.990,13,3,301
n_step_sarsa,n,5.000,0.500,0.100,0.990,13,4,2672
n_step_sarsa,n,5.000,0.500,0.100,0.990,13,5,61
n_step_sarsa,n,5.000,0.500,0.100,0.990,13,6,212
n_step_sarsa,n,5.000,0.500,0.100,0.990,13,7,262
n_step_sarsa,n,5.000,0.500,0.100,0.990,13,8,40
n_step_sarsa,n,5.000,0.500,0.100,0.990,13,9,19
n_step_sarsa,n,5.000,0.500,0.100,0.990,13,10,17
n_step_sarsa,n,5.000,0.500,0.100,0.990,13,11,17
n_step_sarsa,n,5.000,0.500,0.100,0.990,13,12,22
n_step_sarsa,n,5.000,0.500,0.100,0.990,13,13,22
n_step_sarsa,n,5.000,0.500,0.100,0.990,13,14,18
n_step_sarsa,n,5.000,0.500,0.100,0.990,13,15,17
n_step_sarsa,n,5.000,0.500,0.100,0.990,13,16,18
n_step_sarsa,n,5.000,0.500,0.100,0.990,13,17,33
n_step_sarsa,n,5.000,0.500,0.100,0.990,13,18,110
n_step_sarsa,n,5.000,0.500,0.100,0.990,13,19,19
n_step_sarsa,n,5.000,0.500,0.100,0.990,13,20,17
n_step_sarsa,n,5.000,0.500,0.100,0.990,13,21,38
n_step_sarsa,n,5.000,0.500,0.100,0.990,13,22,26
n_step_sarsa,n,5.000,0.500,0.100,0.990,13,23,19
n_step_sarsa,n,5.000,0.500,0.100,0.990,13,24,22
n_step_sarsa,n,5.000,0.500,0.100,0.990,13,25,24
n_step_sarsa,n,5.000,0.500,0.100,0.990,13,26,17
n_step_sarsa,n,5.000,0.500,0.100,0.990,13,27,18
n_step_sarsa,n,5.000,0.500,0.100,0.990,13,28,22
n_step_sarsa,n,5.000,0.500,0.100,0.990,13,29,24
n_step_sarsa,n,5.000,0.500,0.100,0.990,13,30,26
n_step_sarsa,n,5.000,0.500,0.100,0.990,13,31,19
n_step_sarsa,n,5.000,0.500,0.100,0.990,13,32,246
n_step_sarsa,n,5.000,0.500,0.100,0.990,13,33,19
n_step_sarsa,n,5.000,0.500,0.100,0.990,13,34,30
n_step_sarsa,n,5.000,0.500,0.100,0.990,13,35,44
n_step_sarsa,n,5.000,0.500,0.100,0.990,13,36,20
n_step_sarsa,n,5.000,0.500,0.100,0.990,13,37,19
n_step_sarsa,n,5.000,0.500,0.100,0.990,13,38,24
n_step_sarsa,n,5.000,0.500,0.100,0.990,13,39,66
n_step_sarsa,n,5.000,0.500,0.100,0.990,13,40,124
n_step_sarsa,n,5.000,0.500,0.100,0.990,13,41,17
n_step_sarsa,n,5.000,0.500,0.100,0.990,13,42,17
n_step_sarsa,n,5.000,0.500,0.100,0.990,13,43,53
n_step_sarsa,n,5.000,0.500,0.100,0.990,13,44,24
n_step_sarsa,n,5.000,0.500,0.100,0.990,13,45,19
n_step_sarsa,n,5.000,0.500,0.100,0.990,13,46,21
n_step_sarsa,n,5.000,0.500,0.100,0.990,13,47,21
n_step_sarsa,n,5.000,0.500,0.100,0.990,13,48,48
n_step_sarsa,n,5.000,0.500,0.100,0.990,13,49,20
n_step_sarsa,n,5.000,0.500,0.100,0.990,13,50,38
n_step_sarsa,n,5.000,0.500,0.100,0.990,13,51,30
n_step_sarsa,n,5.000,0.500,0.100,0.990,13,52,75
n_step_sarsa,n,5.000,0.500,0.100,0.990,13,53,17
n_step_sarsa,n,5.000,0.500,0.100,0.990,13,54,17
n_step_sarsa,n,5.000,0.500,0.100,0.990,13,55,18
n_step_sarsa,n,5.000,0.500,0.100,0.990,13,56,31
n_step_sarsa,n,5.000,0.500,0.100,0.990,13,57,77
n_step_sarsa,n,5.000,0.500,0.100,0.990,13,58,35
n_step_sarsa,n,5.000,0.500,0.100,0.990,13,59,34
n_step_sarsa,n,5.000,0.500,0.100,0.990,13,60,21
n_step_sarsa,n,5.000,0.500,0.100,0.990,13,61,19
n_step_sarsa,n,5.000,0.500,0.100,0.990,13,62,20
n_step_sarsa,n,5.000,0.500,0.100,0.990,13,63,19
n_step_sarsa,n,5.000,0.500,0.100,0.990,13,64,18
n_step_sarsa,n,5.000,0.500,0.100,0.990,13,65,23
n_step_sarsa,n,5.000,0.500,0.100,0.990,13,66,21
n_step_sarsa,n,5.000,0.500,0.100,0.990,13,67,29
n_step_sarsa,n,5.000,0.500,0.100,0.990,13,68,37
n_step_sarsa,n,5.000,0.500,0.100,0.990,13,69,23
n_step_sarsa,n,5.000,0.500,0.100,0.990,13,70,23
n_step_sarsa,n,5.000,0.500,0.100,0.990,13,71,21
n_step_sarsa,n,5.000,0.500,0.100,0.990,13,72,20
n_step_sarsa,n,5.000,0.500,0.100,0.990,13,73,19
n_step_sarsa,n,5.000,0.500,0.100,0.990,13,74,354
n_step_sarsa,n,5.000,0.500,0.100,0.990,13,75,52
n_step_sarsa,n,5.000,0.500,0.100,0.990,13,76,97
n_step_sarsa,n,5.000,0.500,0.100,0.990,13,77,27
n_step_sarsa,n,5.000,0.500,0.100,0.990,13,78,36
n_step_sarsa,n,5.000,0.500,0.100,0.990,13,79,20
n_step_sarsa,n,5.000,0.500,0.100,0.990,13,80,54
n_step_sarsa,n,5.000,0.500,0.100,0.990,42,1,1622
n_step_sarsa,n,5.000,0.500,0.100,0.990,42,2,273
n_step_sarsa,n,5.000,0.500,0.100,0.990,42,3,503
n_step_sarsa,n,5.000,0.500,0.100,0.990,42,4,103
n_step_sarsa,n,5.000,0.500,0.100,0.990,42,5,21
n_step_sarsa,n,5.000,0.500,0.100,0.990,42,6,18
n_step_sarsa,n,5.000,0.500,0.100,0.990,42,7,19
n_step_sarsa,n,5.000,0.500,0.100,0.990,42,8,23
n_step_sarsa,n,5.000,0.500,0.100,0.990,42,9,25
n_step_sarsa,n,5.000,0.500,0.100,0.990,42,10,18
n_step_sarsa,n,5.000,0.500,0.100,0.990,42,11,74
n_step_sarsa,n,5.000,0.500,0.100,0.990,42,12,18
n_step_sarsa,n,5.000,0.500,0.100,0.990,42,13,20
n_step_sarsa,n,5.000,0.500,0.100,0.990,42,14,22
n_step_sarsa,n,5.000,0.500,0.100,0.990,42,15,36
n_step_sarsa,n,5.000,0.500,0.100,0.990,42,16,30
n_step_sarsa,n,5.000,0.500,0.100,0.990,42,17,23
n_step_sarsa,n,5.000,0.500,0.100,0.990,42,18,23
n_step_sarsa,n,5.000,0.500,0.100,0.990,42,19,34
n_step_sarsa,n,5.000,0.500,0.100,0.990,42,20,20
n_step_sarsa,n,5.000,0.500,0.100,0.990,42,21,32
n_step_sarsa,n,5.000,0.500,0.100,0.990,42,22,18
n_step_sarsa,n,5.000,0.500,0.100,0.990,42,23,116
n_step_sarsa,n,5.000,0.500,0.100,0.990,42,24,61
n_step_sarsa,n,5.000,0.500,0.100,0.990,42,25,41
n_step_sarsa,n,5.000,0.500,0.100,0.990,42,26,20
n_step_sarsa,n,5.000,0.500,0.100,0.990,42,27,21
n_step_sarsa,n,5.000,0.500,0.100,0.990,42,28,61
n_step_sarsa,n,5.000,0.500,0.100,0.990,42,29,68
n_step_sarsa,n,5.000,0.500,0.100,0.990,42,30,89
n_step_sarsa,n,5.000,0.500,0.100,0.990,42,31,43
n_step_sarsa,n,5.000,0.500,0.100,0.990,42,32,39
n_step_sarsa,n,5.000,0.500,0.100,0.990,42,33,116
n_step_sarsa,n,5.000,0.500,0.100,0.990,42,34,33
n_step_sarsa,n,5.000,0.500,0.100,0.990,42,35,24
n_step_sarsa,n,5.000,0.500,0.100,0.990,42,36,21
n_step_sarsa,n,5.000,0.500,0.100,0.990,42,37,37
n_step_sarsa,n,5.000,0.500,0.100,0.990,42,38,21
n_step_sarsa,n,5.000,0.500,0.100,0.990,42,39,21
n_step_sarsa,n,5.000,0.500,0.100,0.990,42,40,23
n_step_sarsa,n,5.000,0.500,0.100,0.990,42,41,21
n_step_sarsa,n,5.000,0.500,0.100,0.990,42,42,34
n_step_sarsa,n,5.000,0.500,0.100,0.990,42,43,20
n_step_sarsa,n,5.000,0.500,0.100,0.990,42,44,26
n_step_sarsa,n,5.000,0.500,0.100,0.990,42,45,22
n_step_sarsa,n,5.000,0.500,0.100,0.990,42,46,21
n_step_sarsa,n,5.000,0.500,0.100,0.990,42,47,23
n_step_sarsa,n,5.000,0.500,0.100,0.990,42,48,21
n_step_sarsa,n,5.000,0.500,0.100,0.990,42,49,43
n_step_sarsa,n,5.000,0.500,0.100,0.990,42,50,95
n_step_sarsa,n,5.000,0.500,0.100,0.990,42,51,28
n_step_sarsa,n,5.000,0.500,0.100,0.990,42,52,30
n_step_sarsa,n,5.000,0.500,0.100,0.990,42,53,31
n_step_sarsa,n,5.000,0.500,0.100,0.990,42,54,22
n_step_sarsa,n,5.000,0.500,0.100,0.990,42,55,53
n_step_sarsa,n,5.000,0.500,0.100,0.990,42,56,36
n_step_sarsa,n,5.000,0.500,0.100,0.990,42,57,23
n_step_sarsa,n,5.000,0.500,0.100,0.990,42,58,25
n_step_sarsa,n,5.000,0.500,0.100,0.990,42,59,22
n_step_sarsa,n,5.000,0.500,0.100,0.990,42,60,25
n_step_sarsa,n,5.000,0.500,0.100,0.990,42,61,28
n_step_sarsa,n,5.000,0.500,0.100,0.990,42,62,27
n_step_sarsa,n,5.000,0.500,0.100,0.990,42,63,22
n_step_sarsa,n,5.000,0.500,0.100,0.990,42,64,22
n_step_sarsa,n,5.000,0.500,0.100,0.990,42,65,22
n_step_sarsa,n,5.000,0.500,0.100,0.990,42,66,25
n_step_sarsa,n,5.000,0.500,0.100,0.990,42,67,42
n_step_sarsa,n,5.000,0.500,0.100,0.990,42,68,21
n_step_sarsa,n,5.000,0.500,0.100,0.990,42,69,33
n_step_sarsa,n,5.000,0.500,0.100,0.990,42,70,22
n_step_sarsa,n,5.000,0.500,0.100,0.990,42,71,22
n_step_sarsa,n,5.000,0.500,0.100,0.990,42,72,22
n_step_sarsa,n,5.000,0.500,0.100,0.990,42,73,31
n_step_sarsa,n,5.000,0.500,0.100,0.990,42,74,26
n_step_sarsa,n,5.000,0.500,0.100,0.990,42,75,24
n_step_sarsa,n,5.000,0.500,0.100,0.990,42,76,20
n_step_sarsa,n,5.000,0.500,0.100,0.990,42,77,21
n_step_sarsa,n,5.000,0.500,0.100,0.990,42,78,22
n_step_sarsa,n,5.000,0.500,0.100,0.990,42,79,27
n_step_sarsa,n,5.000,0.500,0.100,0.990,42,80,28
sarsa_lambda,lambda,0.500,0.500,0.100,0.990,13,1,1314
sarsa_lambda,lambda,0.500,0.500,0.100,0.990,13,2,190
sarsa_lambda,lambda,0.500,0.500,0.100,0.990,13,3,50
sarsa_lambda,lambda,0.500,0.500,0.100,0.990,13,4,87
sarsa_lambda,lambda,0.500,0.500,0.100,0.990,13,5,249
sarsa_lambda,lambda,0.500,0.500,0.100,0.990,13,6,106
sarsa_lambda,lambda,0.500,0.500,0.100,0.990,13,7,252
sarsa_lambda,lambda,0.500,0.500,0.100,0.990,13,8,29
sarsa_lambda,lambda,0.500,0.500,0.100,0.990,13,9,143
sarsa_lambda,lambda,0.500,0.500,0.100,0.990,13,10,81
sarsa_lambda,lambda,0.500,0.500,0.100,0.990,13,11,87
sarsa_lambda,lambda,0.500,0.500,0.100,0.990,13,12,27
sarsa_lambda,lambda,0.500,0.500,0.100,0.990,13,13,32
sarsa_lambda,lambda,0.500,0.500,0.100,0.990,13,14,20
sarsa_lambda,lambda,0.500,0.500,0.100,0.990,13,15,181
sarsa_lambda,lambda,0.500,0.500,0.100,0.990,13,16,41
sarsa_lambda,lambda,0.500,0.500,0.100,0.990,13,17,67
sarsa_lambda,lambda,0.500,0.500,0.100,0.990,13,18,52
sarsa_lambda,lambda,0.500,0.500,0.100,0.990,13,19,32
sarsa_lambda,lambda,0.500,0.500,0.100,0.990,13,20,28
sarsa_lambda,lambda,0.500,0.500,0.100,0.990,13,21,39
sarsa_lambda,lambda,0.500,0.500,0.100,0.990,13,22,40
sarsa_lambda,lambda,0.500,0.500,0.100,0.990,13,23,20
sarsa_lambda,lambda,0.500,0.500,0.100,0.990,13,24,24
sarsa_lambda,lambda,0.500,0.500,0.100,0.990,13,25,29
sarsa_lambda,lambda,0.500,0.500,0.100,0.990,13,26,48
sarsa_lambda,lambda,0.500,0.500,0.100,0.990,13,27,31
sarsa_lambda,lambda,0.500,0.500,0.100,0.990,13,28,28
sarsa_lambda,lambda,0.500,0.500,0.100,0.990,13,29,56
sarsa_lambda,lambda,0.500,0.500,0.100,0.990,13,30,27
sarsa_lambda,lambda,0.500,0.500,0.100,0.990,13,31,84
sarsa_lambda,lambda,0.500,0.500,0.100,0.990,13,32,29
sarsa_lambda,lambda,0.500,0.500,0.100,0.990,13,33,45
sarsa_lambda,lambda,0.500,0.500,0.100,0.990,13,34,35
sarsa_lambda,lambda,0.500,0.500,0.100,0.990,13,35,35
sarsa_lambda,lambda,0.500,0.500,0.100,0.990,13,36,53
sarsa_lambda,lambda,0.500,0.500,0.100,0.990,13,37,18
sarsa_lambda,lambda,0.500,0.500,0.100,0.990,13,38,20
sarsa_lambda,lambda,0.500,0.500,0.100,0.990,13,39,25
sarsa_lambda,lambda,0.500,0.500,0.100,0.990,13,40,25
sarsa_lambda,lambda,0.500,0.500,0.100,0.990,13,41,47
sarsa_lambda,lambda,0.500,0.500,0.100,0.990,13,42,21
sarsa_lambda,lambda,0.500,0.500,0.100,0.990,13,43,26
sarsa_lambda,lambda,0.500,0.500,0.100,0.990,13,44,32
sarsa_lambda,lambda,0.500,0.500,0.100,0.990,13,45,27
sarsa_lambda,lambda,0.500,0.500,0.100,0.990,13,46,31
sarsa_lambda,lambda,0.500,0.500,0.100,0.990,13,47,20
sarsa_lambda,lambda,0.500,0.500,0.100,0.990,13,48,17
sarsa_lambda,lambda,0.500,0.500,0.100,0.990,13,49,17
sarsa_lambda,lambda,0.500,0.500,0.100,0.990,13,50,52
sarsa_lambda,lambda,0.500,0.500,0.100,0.990,13,51,29
sarsa_lambda,lambda,0.500,0.500,0.100,0.990,13,52,19
sarsa_lambda,lambda,0.500,0.500,0.100,0.990,13,53,18
sarsa_lambda,lambda,0.500,0.500,0.100,0.990,13,54,17
sarsa_lambda,lambda,0.500,0.500,0.100,0.990,13,55,36
sarsa_lambda,lambda,0.500,0.500,0.100,0.990,13,56,17
sarsa_lambda,lambda,0.500,0.500,0.100,0.990,13,57,21
sarsa_lambda,lambda,0.500,0.500,0.100,0.990,13,58,27
sarsa_lambda,lambda,0.500,0.500,0.100,0.990,13,59,24
sarsa_lambda,lambda,0.500,0.500,0.100,0.990,13,60,19
sarsa_lambda,lambda,0.500,0.500,0.100,0.990,13,61,33
sarsa_lambda,lambda,0.500,0.500,0.100,0.990,13,62,34
sarsa_lambda,lambda,0.500,0.500,0.100,0.990,13,63,46
sarsa_lambda,lambda,0.500,0.500,0.100,0.990,13,64,29
sarsa_lambda,lambda,0.500,0.500,0.100,0.990,13,65,20
sarsa_lambda,lambda,0.500,0.500,0.100,0.990,13,66,21
sarsa_lambda,lambda,0.500,0.500,0.100,0.990,13,67,43
sarsa_lambda,lambda,0.500,0.500,0.100,0.990,13,68,46
sarsa_lambda,lambda,0.500,0.500,0.100,0.990,13,69,38
sarsa_lambda,lambda,0.500,0.500,0.100,0.990,13,70,38
sarsa_lambda,lambda,0.500,0.500,0.100,0.990,13,71,42
sarsa_lambda,lambda,0.500,0.500,0.100,0.990,13,72,39
sarsa_lambda,lambda,0.500,0.500,0.100,0.990,13,73,20
sarsa_lambda,lambda,0.500,0.500,0.100,0.990,13,74,36
sarsa_lambda,lambda,0.500,0.500,0.100,0.990,13,75,42
sarsa_lambda,lambda,0.500,0.500,0.100,0.990,13,76,25
sarsa_lambda,lambda,0.500,0.500,0.100,0.990,13,77,29
sarsa_lambda,lambda,0.500,0.500,0.100,0.990,13,78,24
sarsa_lambda,lambda,0.500,0.500,0.100,0.990,13,79,20
sarsa_lambda,lambda,0.500,0.500,0.100,0.990,13,80,38
sarsa_lambda,lambda,0.500,0.500,0.100,0.990,42,1,925
sarsa_lambda,lambda,0.500,0.500,0.100,0.990,42,2,317
sarsa_lambda,lambda,0.500,0.500,0.100,0.990,42,3,293
sarsa_lambda,lambda,0.500,0.500,0.100,0.990,42,4,80
sarsa_lambda,lambda,0.500,0.500,0.100,0.990,42,5,134
sarsa_lambda,lambda,0.500,0.500,0.100,0.990,42,6,166
sarsa_lambda,lambda,0.500,0.500,0.100,0.990,42,7,38
sarsa_lambda,lambda,0.500,0.500,0.100,0.990,42,8,30
sarsa_lambda,lambda,0.500,0.500,0.100,0.990,42,9,113
sarsa_lambda,lambda,0.500,0.500,0.100,0.990,42,10,34
sarsa_lambda,lambda,0.500,0.500,0.100,0.990,42,11,83
sarsa_lambda,lambda,0.500,0.500,0.100,0.990,42,12,105
sarsa_lambda,lambda,0.500,0.500,0.100,0.990,42,13,117
sarsa_lambda,lambda,0.500,0.500,0.100,0.990,42,14,60
sarsa_lambda,lambda,0.500,0.500,0.100,0.990,42,15,88
sarsa_lambda,lambda,0.500,0.500,0.100,0.990,42,16,24
sarsa_lambda,lambda,0.500,0.500,0.100,0.990,42,17,21
sarsa_lambda,lambda,0.500,0.500,0.100,0.990,42,18,33
sarsa_lambda,lambda,0.500,0.500,0.100,0.990,42,19,135
sarsa_lambda,lambda,0.500,0.500,0.100,0.990,42,20,53
sarsa_lambda,lambda,0.500,0.500,0.100,0.990,42,21,58
sarsa_lambda,lambda,0.500,0.500,0.100,0.990,42,22,65
sarsa_lambda,lambda,0.500,0.500,0.100,0.990,42,23,49
sarsa_lambda,lambda,0.500,0.500,0.100,0.990,42,24,42
sarsa_lambda,lambda,0.500,0.500,0.100,0.990,42,25,32
sarsa_lambda,lambda,0.500,0.500,0.100,0.990,42,26,35
sarsa_lambda,lambda,0.500,0.500,0.100,0.990,42,27,31
sarsa_lambda,lambda,0.500,0.500,0.100,0.990,42,28,36
sarsa_lambda,lambda,0.500,0.500,0.100,0.990,42,29,57
sarsa_lambda,lambda,0.500,0.500,0.100,0.990,42,30,33
sarsa_lambda,lambda,0.500,0.500,0.100,0.990,42,31,31
sarsa_lambda,lambda,0.500,0.500,0.100,0.990,42,32,21
sarsa_lambda,lambda,0.500,0.500,0.100,0.990,42,33,30
sarsa_lambda,lambda,0.500,0.500,0.100,0.990,42,34,27
sarsa_lambda,lambda,0.500,0.500,0.100,0.990,42,35,27
sarsa_lambda,lambda,0.500,0.500,0.100,0.990,42,36,37
sarsa_lambda,lambda,0.500,0.500,0.100,0.990,42,37,45
sarsa_lambda,lambda,0.500,0.500,0.100,0.990,42,38,74
sarsa_lambda,lambda,0.500,0.500,0.100,0.990,42,39,29
sarsa_lambda,lambda,0.500,0.500,0.100,0.990,42,40,38
sarsa_lambda,lambda,0.500,0.500,0.100,0.990,42,41,19
sarsa_lambda,lambda,0.500,0.500,0.100,0.990,42,42,82
sarsa_lambda,lambda,0.500,0.500,0.100,0.990,42,43,21
sarsa_lambda,lambda,0.500,0.500,0.100,0.990,42,44,41
sarsa_lambda,lambda,0.500,0.500,0.100,0.990,42,45,36
sarsa_lambda,lambda,0.500,0.500,0.100,0.990,42,46,23
sarsa_lambda,lambda,0.500,0.500,0.100,0.990,42,47,20
sarsa_lambda,lambda,0.500,0.500,0.100,0.990,42,48,29
sarsa_lambda,lambda,0.500,0.500,0.100,0.990,42,49,32
sarsa_lambda,lambda,0.500,0.500,0.100,0.990,42,50,66
sarsa_lambda,lambda,0.500,0.500,0.100,0.990,42,51,38
sarsa_lambda,lambda,0.500,0.500,0.100,0.990,42,52,28
sarsa_lambda,lambda,0.500,0.500,0.100,0.990,42,53,24
sarsa_lambda,lambda,0.500,0.500,0.100,0.990,42,54,38
sarsa_lambda,lambda,0.500,0.500,0.100,0.990,42,55,35
sarsa_lambda,lambda,0.500,0.500,0.100,0.990,42,56,42
sarsa_lambda,lambda,0.500,0.500,0.100,0.990,42,57,20
sarsa_lambda,lambda,0.500,0.500,0.100,0.990,42,58,24
sarsa_lambda,lambda,0.500,0.500,0.100,0.990,42,59,60
sarsa_lambda,lambda,0.500,0.500,0.100,0.990,42,60,19
sarsa_lambda,lambda,0.500,0.500,0.100,0.990,42,61,17
sarsa_lambda,lambda,0.500,0.500,0.100,0.990,42,62,21
sarsa_lambda,lambda,0.500,0.500,0.100,0.990,42,63,18
sarsa_lambda,lambda,0.500,0.500,0.100,0.990,42,64,29
sarsa_lambda,lambda,0.500,0.500,0.100,0.990,42,65,18
sarsa_lambda,lambda,0.500,0.500,0.100,0.990,42,66,19
sarsa_lambda,lambda,0.500,0.500,0.100,0.990,42,67,23
sarsa_lambda,lambda,0.500,0.500,0.100,0.990,42,68,22
sarsa_lambda,lambda,0.500,0.500,0.100,0.990,42,69,36
sarsa_lambda,lambda,0.500,0.500,0.100,0.990,42,70,38
sarsa_lambda,lambda,0.500,0.500,0.100,0.990,42,71,23
sarsa_lambda,lambda,0.500,0.500,0.100,0.990,42,72,18
sarsa_lambda,lambda,0.500,0.500,0.100,0.990,42,73,34
sarsa_lambda,lambda,0.500,0.500,0.100,0.990,42,74,29
sarsa_lambda,lambda,0.500,0.500,0.100,0.990,42,75,24
sarsa_lambda,lambda,0.500,0.500,0.100,0.990,42,76,18
sarsa_lambda,lambda,0.500,0.500,0.100,0.990,42,77,23
sarsa_lambda,lambda,0.500,0.500,0.100,0.990,42,78,52
sarsa_lambda,lambda,0.500,0.500,0.100,0.990,42,79,20
sarsa_lambda,lambda,0.500,0.500,0.100,0.990,42,80,17
n_step_sarsa,n,5.000,0.700,0.100,0.990,13,1,3998
n_step_sarsa,n,5.000,0.700,0.100,0.990,13,2,553
n_step_sarsa,n,5.000,0.700,0.100,0.990,13,3,82
n_step_sarsa,n,5.000,0.700,0.100,0.990,13,4,134
n_step_sarsa,n,5.000,0.700,0.100,0.990,13,5,59
n_step_sarsa,n,5.000,0.700,0.100,0.990,13,6,230
n_step_sarsa,n,5.000,0.700,0.100,0.990,13,7,158
n_step_sarsa,n,5.000,0.700,0.100,0.990,13,8,422
n_step_sarsa,n,5.000,0.700,0.100,0.990,13,9,106
n_step_sarsa,n,5.000,0.700,0.100,0.990,13,10,25
n_step_sarsa,n,5.000,0.700,0.100,0.990,13,11,25
n_step_sarsa,n,5.000,0.700,0.100,0.990,13,12,45
n_step_sarsa,n,5.000,0.700,0.100,0.990,13,13,37
n_step_sarsa,n,5.000,0.700,0.100,0.990,13,14,46
n_step_sarsa,n,5.000,0.700,0.100,0.990,13,15,72
n_step_sarsa,n,5.000,0.700,0.100,0.990,13,16,36
n_step_sarsa,n,5.000,0.700,0.100,0.990,13,17,39
n_step_sarsa,n,5.000,0.700,0.100,0.990,13,18,31
n_step_sarsa,n,5.000,0.700,0.100,0.990,13,19,32
n_step_sarsa,n,5.000,0.700,0.100,0.990,13,20,28
n_step_sarsa,n,5.000,0.700,0.100,0.990,13,21,65
n_step_sarsa,n,5.000,0.700,0.100,0.990,13,22,43
n_step_sarsa,n,5.000,0.700,0.100,0.990,13,23,55
n_step_sarsa,n,5.000,0.700,0.100,0.990,13,24,41
n_step_sarsa,n,5.000,0.700,0.100,0.990,13,25,42
n_step_sarsa,n,5.000,0.700,0.100,0.990,13,26,31
n_step_sarsa,n,5.000,0.700,0.100,0.990,13,27,30
n_step_sarsa,n,5.000,0.700,0.100,0.990,13,28,37
n_step_sarsa,n,5.000,0.700,0.100,0.990,13,29,26
n_step_sarsa,n,5.000,0.700,0.100,0.990,13,30,24
n_step_sarsa,n,5.000,0.700,0.100,0.990,13,31,22
n_step_sarsa,n,5.000,0.700,0.100,0.990,13,32,18
n_step_sarsa,n,5.000,0.700,0.100,0.990,13,33,23
n_step_sarsa,n,5.000,0.700,0.100,0.990,13,34,19
n_step_sarsa,n,5.000,0.700,0.100,0.990,13,35,109
n_step_sarsa,n,5.000,0.700,0.100,0.990,13,36,83
n_step_sarsa,n,5.000,0.700,0.100,0.990,13,37,159
n_step_sarsa,n,5.000,0.700,0.100,0.990,13,38,49
n_step_sarsa,n,5.000,0.700,0.100,0.990,13,39,45
n_step_sarsa,n,5.000,0.700,0.100,0.990,13,40,70
n_step_sarsa,n,5.000,0.700,0.100,0.990,13,41,778
n_step_sarsa,n,5.000,0.700,0.100,0.990,13,42,616
n_step_sarsa,n,5.000,0.700,0.100,0.990,13,43,1035
n_step_sarsa,n,5.000,0.700,0.100,0.990,13,44,318
n_step_sarsa,n,5.000,0.700,0.100,0.990,13,45,405
n_step_sarsa,n,5.000,0.700,0.100,0.990,13,46,34
n_step_sarsa,n,5.000,0.700,0.100,0.990,13,47,28
n_step_sarsa,n,5.000,0.700,0.100,0.990,13,48,23
n_step_sarsa,n,5.000,0.700,0.100,0.990,13,49,46
n_step_sarsa,n,5.000,0.700,0.100,0.990,13,50,203
n_step_sarsa,n,5.000,0.700,0.100,0.990,13,51,19
n_step_sarsa,n,5.000,0.700,0.100,0.990,13,52,19
n_step_sarsa,n,5.000,0.700,0.100,0.990,13,53,21
n_step_sarsa,n,5.000,0.700,0.100,0.990,13,54,43
n_step_sarsa,n,5.000,0.700,0.100,0.990,13,55,20
n_step_sarsa,n,5.000,0.700,0.100,0.990,13,56,232
n_step_sarsa,n,5.000,0.700,0.100,0.990,13,57,112
n_step_sarsa,n,5.000,0.700,0.100,0.990,13,58,33
n_step_sarsa,n,5.000,0.700,0.100,0.990,13,59,43
n_step_sarsa,n,5.000,0.700,0.100,0.990,13,60,122
n_step_sarsa,n,5.000,0.700,0.100,0.990,13,61,253
n_step_sarsa,n,5.000,0.700,0.100,0.990,13,62,72
n_step_sarsa,n,5.000,0.700,0.100,0.990,13,63,35
n_step_sarsa,n,5.000,0.700,0.100,0.990,13,64,29
n_step_sarsa,n,5.000,0.700,0.100,0.990,13,65,30
n_step_sarsa,n,5.000,0.700,0.100,0.990,13,66,49
n_step_sarsa,n,5.000,0.700,0.100,0.990,13,67,23
n_step_sarsa,n,5.000,0.700,0.100,0.990,13,68,223
n_step_sarsa,n,5.000,0.700,0.100,0.990,13,69,62
n_step_sarsa,n,5.000,0.700,0.100,0.990,13,70,23
n_step_sarsa,n,5.000,0.700,0.100,0.990,13,71,33
n_step_sarsa,n,5.000,0.700,0.100,0.990,13,72,20
n_step_sarsa,n,5.000,0.700,0.100,0.990,13,73,44
n_step_sarsa,n,5.000,0.700,0.100,0.990,13,74,31
n_step_sarsa,n,5.000,0.700,0.100,0.990,13,75,31
n_step_sarsa,n,5.000,0.700,0.100,0.990,13,76,42
n_step_sarsa,n,5.000,0.700,0.100,0.990,13,77,49
n_step_sarsa,n,5.000,0.700,0.100,0.990,13,78,29
n_step_sarsa,n,5.000,0.700,0.100,0.990,13,79,21
n_step_sarsa,n,5.000,0.700,0.100,0.990,13,80,23
n_step_sarsa,n,5.000,0.700,0.100,0.990,42,1,1722
n_step_sarsa,n,5.000,0.700,0.100,0.990,42,2,3288
n_step_sarsa,n,5.000,0.700,0.100,0.990,42,3,180
n_step_sarsa,n,5.000,0.700,0.100,0.990,42,4,39
n_step_sarsa,n,5.000,0.700,0.100,0.990,42,5,25
n_step_sarsa,n,5.000,0.700,0.100,0.990,42,6,34
n_step_sarsa,n,5.000,0.700,0.100,0.990,42,7,247
n_step_sarsa,n,5.000,0.700,0.100,0.990,42,8,83
n_step_sarsa,n,5.000,0.700,0.100,0.990,42,9,23
n_step_sarsa,n,5.000,0.700,0.100,0.990,42,10,22
n_step_sarsa,n,5.000,0.700,0.100,0.990,42,11,31
n_step_sarsa,n,5.000,0.700,0.100,0.990,42,12,38
n_step_sarsa,n,5.000,0.700,0.100,0.990,42,13,22
n_step_sarsa,n,5.000,0.700,0.100,0.990,42,14,23
n_step_sarsa,n,5.000,0.700,0.100,0.990,42,15,22
n_step_sarsa,n,5.000,0.700,0.100,0.990,42,16,67
n_step_sarsa,n,5.000,0.700,0.100,0.990,42,17,35
n_step_sarsa,n,5.000,0.700,0.100,0.990,42,18,19
n_step_sarsa,n,5.000,0.700,0.100,0.990,42,19,24
n_step_sarsa,n,5.000,0.700,0.100,0.990,42,20,41
n_step_sarsa,n,5.000,0.700,0.100,0.990,42,21,29
n_step_sarsa,n,5.000,0.700,0.100,0.990,42,22,36
n_step_sarsa,n,5.000,0.700,0.100,0.990,42,23,23
n_step_sarsa,n,5.000,0.700,0.100,0.990,42,24,86
n_step_sarsa,n,5.000,0.700,0.100,0.990,42,25,21
n_step_sarsa,n,5.000,0.700,0.100,0.990,42,26,31
n_step_sarsa,n,5.000,0.700,0.100,0.990,42,27,25
n_step_sarsa,n,5.000,0.700,0.100,0.990,42,28,119
n_step_sarsa,n,5.000,0.700,0.100,0.990,42,29,93
n_step_sarsa,n,5.000,0.700,0.100,0.990,42,30,62
n_step_sarsa,n,5.000,0.700,0.100,0.990,42,31,43
n_step_sarsa,n,5.000,0.700,0.100,0.990,42,32,42
n_step_sarsa,n,5.000,0.700,0.100,0.990,42,33,172
n_step_sarsa,n,5.000,0.700,0.100,0.990,42,34,40
n_step_sarsa,n,5.000,0.700,0.100,0.990,42,35,289
n_step_sarsa,n,5.000,0.700,0.100,0.990,42,36,127
n_step_sarsa,n,5.000,0.700,0.100,0.990,42,37,20
n_step_sarsa,n,5.000,0.700,0.100,0.990,42,38,105
n_step_sarsa,n,5.000,0.700,0.100,0.990,42,39,42
n_step_sarsa,n,5.000,0.700,0.100,0.990,42,40,25
n_step_sarsa,n,5.000,0.700,0.100,0.990,42,41,51
n_step_sarsa,n,5.000,0.700,0.100,0.990,42,42,33
n_step_sarsa,n,5.000,0.700,0.100,0.990,42,43,136
n_step_sarsa,n,5.000,0.700,0.100,0.990,42,44,21
n_step_sarsa,n,5.000,0.700,0.100,0.990,42,45,114
n_step_sarsa,n,5.000,0.700,0.100,0.990,42,46,118
n_step_sarsa,n,5.000,0.700,0.100,0.990,42,47,32
n_step_sarsa,n,5.000,0.700,0.100,0.990,42,48,26
n_step_sarsa,n,5.000,0.700,0.100,0.990,42,49,36
n_step_sarsa,n,5.000,0.700,0.100,0.990,42,50,2280
n_step_sarsa,n,5.000,0.700,0.100,0.990,42,51,346
n_step_sarsa,n,5.000,0.700,0.100,0.990,42,52,27
n_step_sarsa,n,5.000,0.700,0.100,0.990,42,53,24
n_step_sarsa,n,5.000,0.700,0.100,0.990,42,54,26
n_step_sarsa,n,5.000,0.700,0.100,0.990,42,55,89
n_step_sarsa,n,5.000,0.700,0.100,0.990,42,56,30
n_step_sarsa,n,5.000,0.700,0.100,0.990,42,57,36
n_step_sarsa,n,5.000,0.700,0.100,0.990,42,58,18
n_step_sarsa,n,5.000,0.700,0.100,0.990,42,59,20
n_step_sarsa,n,5.000,0.700,0.100,0.990,42,60,18
n_step_sarsa,n,5.000,0.700,0.100,0.990,42,61,18
n_step_sarsa,n,5.000,0.700,0.100,0.990,42,62,19
n_step_sarsa,n,5.000,0.700,0.100,0.990,42,63,22
n_step_sarsa,n,5.000,0.700,0.100,0.990,42,64,25
n_step_sarsa,n,5.000,0.700,0.100,0.990,42,65,21
n_step_sarsa,n,5.000,0.700,0.100,0.990,42,66,35
n_step_sarsa,n,5.000,0.700,0.100,0.990,42,67,21
n_step_sarsa,n,5.000,0.700,0.100,0.990,42,68,21
n_step_sarsa,n,5.000,0.700,0.100,0.990,42,69,18
n_step_sarsa,n,5.000,0.700,0.100,0.990,42,70,64
n_step_sarsa,n,5.000,0.700,0.100,0.990,42,71,17
n_step_sarsa,n,5.000,0.700,0.100,0.990,42,72,17
n_step_sarsa,n,5.000,0.700,0.100,0.990,42,73,19
n_step_sarsa,n,5.000,0.700,0.100,0.990,42,74,17
n_step_sarsa,n,5.000,0.700,0.100,0.990,42,75,22
n_step_sarsa,n,5.000,0.700,0.100,0.990,42,76,23
n_step_sarsa,n,5.000,0.700,0.100,0.990,42,77,51
n_step_sarsa,n,5.000,0.700,0.100,0.990,42,78,102
n_step_sarsa,n,5.000,0.700,0.100,0.990,42,79,21
n_step_sarsa,n,5.000,0.700,0.100,0.990,42,80,33
sarsa_lambda,lambda,0.500,0.700,0.100,0.990,13,1,1234
sarsa_lambda,lambda,0.500,0.700,0.100,0.990,13,2,206
sarsa_lambda,lambda,0.500,0.700,0.100,0.990,13,3,79
sarsa_lambda,lambda,0.500,0.700,0.100,0.990,13,4,66
sarsa_lambda,lambda,0.500,0.700,0.100,0.990,13,5,40
sarsa_lambda,lambda,0.500,0.700,0.100,0.990,13,6,117
sarsa_lambda,lambda,0.500,0.700,0.100,0.990,13,7,37
sarsa_lambda,lambda,0.500,0.700,0.100,0.990,13,8,147
sarsa_lambda,lambda,0.500,0.700,0.100,0.990,13,9,53
sarsa_lambda,lambda,0.500,0.700,0.100,0.990,13,10,182
sarsa_lambda,lambda,0.500,0.700,0.100,0.990,13,11,65
sarsa_lambda,lambda,0.500,0.700,0.100,0.990,13,12,89
sarsa_lambda,lambda,0.500,0.700,0.100,0.990,13,13,58
sarsa_lambda,lambda,0.500,0.700,0.100,0.990,13,14,29
sarsa_lambda,lambda,0.500,0.700,0.100,0.990,13,15,78
sarsa_lambda,lambda,0.500,0.700,0.100,0.990,13,16,128
sarsa_lambda,lambda,0.500,0.700,0.100,0.990,13,17,35
sarsa_lambda,lambda,0.500,0.700,0.100,0.990,13,18,30
sarsa_lambda,lambda,0.500,0.700,0.100,0.990,13,19,43
sarsa_lambda,lambda,0.500,0.700,0.100,0.990,13,20,38
sarsa_lambda,lambda,0.500,0.700,0.100,0.990,13,21,50
sarsa_lambda,lambda,0.500,0.700,0.100,0.990,13,22,70
sarsa_lambda,lambda,0.500,0.700,0.100,0.990,13,23,82
sarsa_lambda,lambda,0.500,0.700,0.100,0.990,13,24,41
sarsa_lambda,lambda,0.500,0.700,0.100,0.990,13,25,35
sarsa_lambda,lambda,0.500,0.700,0.100,0.990,13,26,48
sarsa_lambda,lambda,0.500,0.700,0.100,0.990,13,27,41
sarsa_lambda,lambda,0.500,0.700,0.100,0.990,13,28,33
sarsa_lambda,lambda,0.500,0.700,0.100,0.990,13,29,37
sarsa_lambda,lambda,0.500,0.700,0.100,0.990,13,30,18
sarsa_lambda,lambda,0.500,0.700,0.100,0.990,13,31,82
sarsa_lambda,lambda,0.500,0.700,0.100,0.990,13,32,76
sarsa_lambda,lambda,0.500,0.700,0.100,0.990,13,33,25
sarsa_lambda,lambda,0.500,0.700,0.100,0.990,13,34,25
sarsa_lambda,lambda,0.500,0.700,0.100,0.990,13,35,24
sarsa_lambda,lambda,0.500,0.700,0.100,0.990,13,36,20
sarsa_lambda,lambda,0.500,0.700,0.100,0.990,13,37,18
sarsa_lambda,lambda,0.500,0.700,0.100,0.990,13,38,20
sarsa_lambda,lambda,0.500,0.700,0.100,0.990,13,39,20
sarsa_lambda,lambda,0.500,0.700,0.100,0.990,13,40,18
sarsa_lambda,lambda,0.500,0.700,0.100,0.990,13,41,23
sarsa_lambda,lambda,0.500,0.700,0.100,0.990,13,42,35
sarsa_lambda,lambda,0.500,0.700,0.100,0.990,13,43,20
sarsa_lambda,lambda,0.500,0.700,0.100,0.990,13,44,17
sarsa_lambda,lambda,0.500,0.700,0.100,0.990,13,45,23
sarsa_lambda,lambda,0.500,0.700,0.100,0.990,13,46,27
sarsa_lambda,lambda,0.500,0.700,0.100,0.990,13,47,20
sarsa_lambda,lambda,0.500,0.700,0.100,0.990,13,48,22
sarsa_lambda,lambda,0.500,0.700,0.100,0.990,13,49,18
sarsa_lambda,lambda,0.500,0.700,0.100,0.990,13,50,22
sarsa_lambda,lambda,0.500,0.700,0.100,0.990,13,51,19
sarsa_lambda,lambda,0.500,0.700,0.100,0.990,13,52,20
sarsa_lambda,lambda,0.500,0.700,0.100,0.990,13,53,26
sarsa_lambda,lambda,0.500,0.700,0.100,0.990,13,54,32
sarsa_lambda,lambda,0.500,0.700,0.100,0.990,13,55,26
sarsa_lambda,lambda,0.500,0.700,0.100,0.990,13,56,21
sarsa_lambda,lambda,0.500,0.700,0.100,0.990,13,57,31
sarsa_lambda,lambda,0.500,0.700,0.100,0.990,13,58,19
sarsa_lambda,lambda,0.500,0.700,0.100,0.990,13,59,18
sarsa_lambda,lambda,0.500,0.700,0.100,0.990,13,60,20
sarsa_lambda,lambda,0.500,0.700,0.100,0.990,13,61,19
sarsa_lambda,lambda,0.500,0.700,0.100,0.990,13,62,17
sarsa_lambda,lambda,0.500,0.700,0.100,0.990,13,63,18
sarsa_lambda,lambda,0.500,0.700,0.100,0.990,13,64,19
sarsa_lambda,lambda,0.500,0.700,0.100,0.990,13,65,17
sarsa_lambda,lambda,0.500,0.700,0.100,0.990,13,66,19
sarsa_lambda,lambda,0.500,0.700,0.100,0.990,13,67,37
sarsa_lambda,lambda,0.500,0.700,0.100,0.990,13,68,19
sarsa_lambda,lambda,0.500,0.700,0.100,0.990,13,69,19
sarsa_lambda,lambda,0.500,0.700,0.100,0.990,13,70,23
sarsa_lambda,lambda,0.500,0.700,0.100,0.990,13,71,19
sarsa_lambda,lambda,0.500,0.700,0.100,0.990,13,72,32
sarsa_lambda,lambda,0.500,0.700,0.100,0.990,13,73,22
sarsa_lambda,lambda,0.500,0.700,0.100,0.990,13,74,19
sarsa_lambda,lambda,0.500,0.700,0.100,0.990,13,75,18
sarsa_lambda,lambda,0.500,0.700,0.100,0.990,13,76,18
sarsa_lambda,lambda,0.500,0.700,0.100,0.990,13,77,18
sarsa_lambda,lambda,0.500,0.700,0.100,0.990,13,78,18
sarsa_lambda,lambda,0.500,0.700,0.100,0.990,13,79,20
sarsa_lambda,lambda,0.500,0.700,0.100,0.990,13,80,36
sarsa_lambda,lambda,0.500,0.700,0.100,0.990,42,1,445
sarsa_lambda,lambda,0.500,0.700,0.100,0.990,42,2,823
sarsa_lambda,lambda,0.500,0.700,0.100,0.990,42,3,61
sarsa_lambda,lambda,0.500,0.700,0.100,0.990,42,4,237
sarsa_lambda,lambda,0.500,0.700,0.100,0.990,42,5,31
sarsa_lambda,lambda,0.500,0.700,0.100,0.990,42,6,92
sarsa_lambda,lambda,0.500,0.700,0.100,0.990,42,7,103
sarsa_lambda,lambda,0.500,0.700,0.100,0.990,42,8,82
sarsa_lambda,lambda,0.500,0.700,0.100,0.990,42,9,37
sarsa_lambda,lambda,0.500,0.700,0.100,0.990,42,10,157
sarsa_lambda,lambda,0.500,0.700,0.100,0.990,42,11,87
sarsa_lambda,lambda,0.500,0.700,0.100,0.990,42,12,93
sarsa_lambda,lambda,0.500,0.700,0.100,0.990,42,13,41
sarsa_lambda,lambda,0.500,0.700,0.100,0.990,42,14,158
sarsa_lambda,lambda,0.500,0.700,0.100,0.990,42,15,55
sarsa_lambda,lambda,0.500,0.700,0.100,0.990,42,16,53
sarsa_lambda,lambda,0.500,0.700,0.100,0.990,42,17,104
sarsa_lambda,lambda,0.500,0.700,0.100,0.990,42,18,24
sarsa_lambda,lambda,0.500,0.700,0.100,0.990,42,19,47
sarsa_lambda,lambda,0.500,0.700,0.100,0.990,42,20,65
sarsa_lambda,lambda,0.500,0.700,0.100,0.990,42,21,40
sarsa_lambda,lambda,0.500,0.700,0.100,0.990,42,22,45
sarsa_lambda,lambda,0.500,0.700,0.100,0.990,42,23,31
sarsa_lambda,lambda,0.500,0.700,0.100,0.990,42,24,63
sarsa_lambda,lambda,0.500,0.700,0.100,0.990,42,25,27
sarsa_lambda,lambda,0.500,0.700,0.100,0.990,42,26,28
sarsa_lambda,lambda,0.500,0.700,0.100,0.990,42,27,17
sarsa_lambda,lambda,0.500,0.700,0.100,0.990,42,28,29
sarsa_lambda,lambda,0.500,0.700,0.100,0.990,42,29,60
sarsa_lambda,lambda,0.500,0.700,0.100,0.990,42,30,18
sarsa_lambda,lambda,0.500,0.700,0.100,0.990,42,31,59
sarsa_lambda,lambda,0.500,0.700,0.100,0.990,42,32,80
sarsa_lambda,lambda,0.500,0.700,0.100,0.990,42,33,27
sarsa_lambda,lambda,0.500,0.700,0.100,0.990,42,34,53
sarsa_lambda,lambda,0.500,0.700,0.100,0.990,42,35,19
sarsa_lambda,lambda,0.500,0.700,0.100,0.990,42,36,44
sarsa_lambda,lambda,0.500,0.700,0.100,0.990,42,37,31
sarsa_lambda,lambda,0.500,0.700,0.100,0.990,42,38,30
sarsa_lambda,lambda,0.500,0.700,0.100,0.990,42,39,21
sarsa_lambda,lambda,0.500,0.700,0.100,0.990,42,40,78
sarsa_lambda,lambda,0.500,0.700,0.100,0.990,42,41,38
sarsa_lambda,lambda,0.500,0.700,0.100,0.990,42,42,31
sarsa_lambda,lambda,0.500,0.700,0.100,0.990,42,43,21
sarsa_lambda,lambda,0.500,0.700,0.100,0.990,42,44,36
sarsa_lambda,lambda,0.500,0.700,0.100,0.990,42,45,41
sarsa_lambda,lambda,0.500,0.700,0.100,0.990,42,46,23
sarsa_lambda,lambda,0.500,0.700,0.100,0.990,42,47,36
sarsa_lambda,lambda,0.500,0.700,0.100,0.990,42,48,31
sarsa_lambda,lambda,0.500,0.700,0.100,0.990,42,49,35
sarsa_lambda,lambda,0.500,0.700,0.100,0.990,42,50,52
sarsa_lambda,lambda,0.500,0.700,0.100,0.990,42,51,24
sarsa_lambda,lambda,0.500,0.700,0.100,0.990,42,52,51
sarsa_lambda,lambda,0.500,0.700,0.100,0.990,42,53,32
sarsa_lambda,lambda,0.500,0.700,0.100,0.990,42,54,28
sarsa_lambda,lambda,0.500,0.700,0.100,0.990,42,55,61
sarsa_lambda,lambda,0.500,0.700,0.100,0.990,42,56,33
sarsa_lambda,lambda,0.500,0.700,0.100,0.990,42,57,27
sarsa_lambda,lambda,0.500,0.700,0.100,0.990,42,58,29
sarsa_lambda,lambda,0.500,0.700,0.100,0.990,42,59,19
sarsa_lambda,lambda,0.500,0.700,0.100,0.990,42,60,40
sarsa_lambda,lambda,0.500,0.700,0.100,0.990,42,61,35
sarsa_lambda,lambda,0.500,0.700,0.100,0.990,42,62,29
sarsa_lambda,lambda,0.500,0.700,0.100,0.990,42,63,22
sarsa_lambda,lambda,0.500,0.700,0.100,0.990,42,64,22
sarsa_lambda,lambda,0.500,0.700,0.100,0.990,42,65,21
sarsa_lambda,lambda,0.500,0.700,0.100,0.990,42,66,21
sarsa_lambda,lambda,0.500,0.700,0.100,0.990,42,67,20
sarsa_lambda,lambda,0.500,0.700,0.100,0.990,42,68,20
sarsa_lambda,lambda,0.500,0.700,0.100,0.990,42,69,19
sarsa_lambda,lambda,0.500,0.700,0.100,0.990,42,70,22
sarsa_lambda,lambda,0.500,0.700,0.100,0.990,42,71,34
sarsa_lambda,lambda,0.500,0.700,0.100,0.990,42,72,38
sarsa_lambda,lambda,0.500,0.700,0.100,0.990,42,73,20
sarsa_lambda,lambda,0.500,0.700,0.100,0.990,42,74,24
sarsa_lambda,lambda,0.500,0.700,0.100,0.990,42,75,30
sarsa_lambda,lambda,0.500,0.700,0.100,0.990,42,76,43
sarsa_lambda,lambda,0.500,0.700,0.100,0.990,42,77,19
sarsa_lambda,lambda,0.500,0.700,0.100,0.990,42,78,18
sarsa_lambda,lambda,0.500,0.700,0.100,0.990,42,79,19
sarsa_lambda,lambda,0.500,0.700,0.100,0.990,42,80,28
