index,family,parameter_name,parameter_value,alpha,episode,mean,median,std_steps
0,n_step_sarsa,n,1.000,0.500,1,1189.000,1181.000,113.212
1,n_step_sarsa,n,1.000,0.500,2,582.000,488.000,181.304
2,n_step_sarsa,n,1.000,0.500,3,211.333,177.000,71.933
3,n_step_sarsa,n,1.000,0.500,4,166.333,157.000,51.637
4,n_step_sarsa,n,1.000,0.500,5,213.333,122.000,174.015
5,n_step_sarsa,n,1.000,0.500,6,106.333,102.000,63.611
6,n_step_sarsa,n,1.000,0.500,7,67.667,68.000,17.502
7,n_step_sarsa,n,1.000,0.500,8,121.000,126.000,51.682
8,n_step_sarsa,n,1.000,0.500,9,56.333,54.000,14.640
9,n_step_sarsa,n,1.000,0.500,10,213.667,141.000,205.855
10,n_step_sarsa,n,1.000,0.500,11,163.000,159.000,42.143
11,n_step_sarsa,n,1.000,0.500,12,140.000,72.000,117.779
12,n_step_sarsa,n,1.000,0.500,13,181.000,216.000,131.053
13,n_step_sarsa,n,1.000,0.500,14,129.333,151.000,85.582
14,n_step_sarsa,n,1.000,0.500,15,80.667,55.000,71.066
15,n_step_sarsa,n,1.000,0.500,16,195.333,196.000,44.004
16,n_step_sarsa,n,1.000,0.500,17,41.667,47.000,11.015
17,n_step_sarsa,n,1.000,0.500,18,164.333,221.000,120.451
18,n_step_sarsa,n,1.000,0.500,19,91.333,100.000,61.460
19,n_step_sarsa,n,1.000,0.500,20,53.333,55.000,7.638
20,n_step_sarsa,n,1.000,0.500,21,152.333,189.000,86.072
21,n_step_sarsa,n,1.000,0.500,22,47.667,48.000,6.506
22,n_step_sarsa,n,1.000,0.500,23,65.000,64.000,38.510
23,n_step_sarsa,n,1.000,0.500,24,57.333,53.000,36.692
24,n_step_sarsa,n,1.000,0.500,25,85.667,111.000,50.063
25,n_step_sarsa,n,1.000,0.500,26,80.667,75.000,11.590
26,n_step_sarsa,n,1.000,0.500,27,43.000,35.000,18.358
27,n_step_sarsa,n,1.000,0.500,28,43.667,39.000,22.368
28,n_step_sarsa,n,1.000,0.500,29,55.667,60.000,18.877
29,n_step_sarsa,n,1.000,0.500,30,63.667,29.000,60.044
30,n_step_sarsa,n,1.000,0.500,31,40.333,38.000,21.595
31,n_step_sarsa,n,1.000,0.500,32,36.667,28.000,17.673
32,n_step_sarsa,n,1.000,0.500,33,54.667,44.000,41.053
33,n_step_sarsa,n,1.000,0.500,34,50.000,46.000,28.213
34,n_step_sarsa,n,1.000,0.500,35,38.333,38.000,4.509
35,n_step_sarsa,n,1.000,0.500,36,75.667,64.000,31.182
36,n_step_sarsa,n,1.000,0.500,37,32.000,32.000,3.000
37,n_step_sarsa,n,1.000,0.500,38,27.000,25.000,3.464
38,n_step_sarsa,n,1.000,0.500,39,33.667,35.000,8.083
39,n_step_sarsa,n,1.000,0.500,40,59.333,45.000,42.360
40,n_step_sarsa,n,1.000,0.500,41,34.667,38.000,5.774
41,n_step_sarsa,n,1.000,0.500,42,46.000,45.000,22.517
42,n_step_sarsa,n,1.000,0.500,43,55.000,58.000,6.083
43,n_step_sarsa,n,1.000,0.500,44,47.333,49.000,9.609
44,n_step_sarsa,n,1.000,0.500,45,41.667,45.000,8.505
45,n_step_sarsa,n,1.000,0.500,46,42.333,38.000,13.051
46,n_step_sarsa,n,1.000,0.500,47,45.000,48.000,24.637
47,n_step_sarsa,n,1.000,0.500,48,52.000,46.000,14.000
48,n_step_sarsa,n,1.000,0.500,49,38.333,34.000,8.386
49,n_step_sarsa,n,1.000,0.500,50,37.000,36.000,13.528
50,n_step_sarsa,n,1.000,0.500,51,46.667,46.000,4.041
51,n_step_sarsa,n,1.000,0.500,52,30.667,29.000,5.686
52,n_step_sarsa,n,1.000,0.500,53,28.667,29.000,2.517
53,n_step_sarsa,n,1.000,0.500,54,33.333,31.000,7.767
54,n_step_sarsa,n,1.000,0.500,55,29.667,29.000,4.041
55,n_step_sarsa,n,1.000,0.500,56,41.333,46.000,17.474
56,n_step_sarsa,n,1.000,0.500,57,30.000,27.000,8.888
57,n_step_sarsa,n,1.000,0.500,58,34.000,32.000,5.292
58,n_step_sarsa,n,1.000,0.500,59,32.333,23.000,17.039
59,n_step_sarsa,n,1.000,0.500,60,39.333,43.000,18.771
60,n_step_sarsa,n,1.000,0.500,61,35.000,32.000,7.000
61,n_step_sarsa,n,1.000,0.500,62,36.667,38.000,9.074
62,n_step_sarsa,n,1.000,0.500,63,38.000,33.000,8.660
63,n_step_sarsa,n,1.000,0.500,64,42.000,43.000,1.732
64,n_step_sarsa,n,1.000,0.500,65,24.667,19.000,11.590
65,n_step_sarsa,n,1.000,0.500,66,31.667,30.000,11.590
66,n_step_sarsa,n,1.000,0.500,67,44.667,37.000,30.238
67,n_step_sarsa,n,1.000,0.500,68,28.000,25.000,10.817
68,n_step_sarsa,n,1.000,0.500,69,25.667,18.000,13.279
69,n_step_sarsa,n,1.000,0.500,70,48.000,50.000,14.107
70,n_step_sarsa,n,1.000,0.500,71,32.000,28.000,10.583
71,n_step_sarsa,n,1.000,0.500,72,31.333,23.000,15.308
72,n_step_sarsa,n,1.000,0.500,73,34.667,27.000,16.862
73,n_step_sarsa,n,1.000,0.500,74,40.667,42.000,14.048
74,n_step_sarsa,n,1.000,0.500,75,29.000,26.000,12.767
75,n_step_sarsa,n,1.000,0.500,76,33.333,31.000,5.859
76,n_step_sarsa,n,1.000,0.500,77,34.667,33.000,4.726
77,n_step_sarsa,n,1.000,0.500,78,33.667,30.000,8.145
78,n_step_sarsa,n,1.000,0.500,79,35.333,32.000,12.342
79,n_step_sarsa,n,1.000,0.500,80,43.333,38.000,11.930
80,n_step_sarsa,n,1.000,0.500,81,24.000,20.000,6.928
81,n_step_sarsa,n,1.000,0.500,82,27.333,28.000,9.018
82,n_step_sarsa,n,1.000,0.500,83,29.667,29.000,8.021
83,n_step_sarsa,n,1.000,0.500,84,27.000,28.000,6.557
84,n_step_sarsa,n,1.000,0.500,85,27.000,29.000,6.245
85,n_step_sarsa,n,1.000,0.500,86,23.667,22.000,3.786
86,n_step_sarsa,n,1.000,0.500,87,31.667,26.000,11.590
87,n_step_sarsa,n,1.000,0.500,88,32.667,34.000,9.074
88,n_step_sarsa,n,1.000,0.500,89,28.667,29.000,0.577
89,n_step_sarsa,n,1.000,0.500,90,27.333,28.000,3.055
90,n_step_sarsa,n,1.000,0.500,91,23.000,18.000,9.539
91,n_step_sarsa,n,1.000,0.500,92,21.333,20.000,4.163
92,n_step_sarsa,n,1.000,0.500,93,30.000,31.000,2.646
93,n_step_sarsa,n,1.000,0.500,94,26.667,30.000,7.572
94,n_step_sarsa,n,1.000,0.500,95,26.667,24.000,6.429
95,n_step_sarsa,n,1.000,0.500,96,24.667,25.000,5.508
96,n_step_sarsa,n,1.000,0.500,97,36.000,39.000,7.937
97,n_step_sarsa,n,1.000,0.500,98,30.000,29.000,11.533
98,n_step_sarsa,n,1.000,0.500,99,25.667,21.000,8.963
99,n_step_sarsa,n,1.000,0.500,100,21.333,19.000,4.933
100,n_step_sarsa,n,5.000,0.500,1,2040.000,2007.000,435.439
101,n_step_sarsa,n,5.000,0.500,2,236.667,273.000,67.308
102,n_step_sarsa,n,5.000,0.500,3,436.333,503.000,117.206
103,n_step_sarsa,n,5.000,0.500,4,946.667,103.000,1494.303
104,n_step_sarsa,n,5.000,0.500,5,78.333,61.000,67.686
105,n_step_sarsa,n,5.000,0.500,6,96.667,60.000,102.065
106,n_step_sarsa,n,5.000,0.500,7,118.667,75.000,127.249
107,n_step_sarsa,n,5.000,0.500,8,39.667,40.000,16.503
108,n_step_sarsa,n,5.000,0.500,9,23.333,25.000,3.786
109,n_step_sarsa,n,5.000,0.500,10,27.000,18.000,16.462
110,n_step_sarsa,n,5.000,0.500,11,47.667,52.000,28.746
111,n_step_sarsa,n,5.000,0.500,12,48.333,22.000,49.116
112,n_step_sarsa,n,5.000,0.500,13,20.000,20.000,2.000
113,n_step_sarsa,n,5.000,0.500,14,19.667,19.000,2.082
114,n_step_sarsa,n,5.000,0.500,15,23.667,18.000,10.693
115,n_step_sarsa,n,5.000,0.500,16,23.333,22.000,6.110
116,n_step_sarsa,n,5.000,0.500,17,25.667,23.000,6.429
117,n_step_sarsa,n,5.000,0.500,18,50.333,23.000,51.733
118,n_step_sarsa,n,5.000,0.500,19,24.333,20.000,8.386
119,n_step_sarsa,n,5.000,0.500,20,24.000,20.000,9.644
120,n_step_sarsa,n,5.000,0.500,21,29.667,32.000,9.713
121,n_step_sarsa,n,5.000,0.500,22,23.667,26.000,4.933
122,n_step_sarsa,n,5.000,0.500,23,51.000,19.000,56.294
123,n_step_sarsa,n,5.000,0.500,24,34.000,22.000,23.431
124,n_step_sarsa,n,5.000,0.500,25,28.333,24.000,11.150
125,n_step_sarsa,n,5.000,0.500,26,21.333,20.000,5.132
126,n_step_sarsa,n,5.000,0.500,27,28.667,21.000,15.948
127,n_step_sarsa,n,5.000,0.500,28,87.667,61.000,82.306
128,n_step_sarsa,n,5.000,0.500,29,1062.333,68.000,1760.478
129,n_step_sarsa,n,5.000,0.500,30,114.000,89.000,102.806
130,n_step_sarsa,n,5.000,0.500,31,37.667,43.000,16.653
131,n_step_sarsa,n,5.000,0.500,32,117.667,68.000,112.082
132,n_step_sarsa,n,5.000,0.500,33,60.667,47.000,49.923
133,n_step_sarsa,n,5.000,0.500,34,37.667,33.000,10.786
134,n_step_sarsa,n,5.000,0.500,35,46.333,44.000,23.587
135,n_step_sarsa,n,5.000,0.500,36,22.000,21.000,2.646
136,n_step_sarsa,n,5.000,0.500,37,33.000,37.000,12.490
137,n_step_sarsa,n,5.000,0.500,38,26.667,24.000,7.371
138,n_step_sarsa,n,5.000,0.500,39,38.667,29.000,24.007
139,n_step_sarsa,n,5.000,0.500,40,56.000,23.000,58.898
140,n_step_sarsa,n,5.000,0.500,41,20.333,21.000,3.055
141,n_step_sarsa,n,5.000,0.500,42,40.000,34.000,26.514
142,n_step_sarsa,n,5.000,0.500,43,35.667,34.000,16.563
143,n_step_sarsa,n,5.000,0.500,44,28.000,26.000,5.292
144,n_step_sarsa,n,5.000,0.500,45,22.000,22.000,3.000
145,n_step_sarsa,n,5.000,0.500,46,22.667,21.000,2.887
146,n_step_sarsa,n,5.000,0.500,47,25.333,23.000,5.859
147,n_step_sarsa,n,5.000,0.500,48,33.667,32.000,13.577
148,n_step_sarsa,n,5.000,0.500,49,32.667,35.000,11.676
149,n_step_sarsa,n,5.000,0.500,50,62.000,53.000,29.547
150,n_step_sarsa,n,5.000,0.500,51,36.667,30.000,13.317
151,n_step_sarsa,n,5.000,0.500,52,54.000,57.000,22.650
152,n_step_sarsa,n,5.000,0.500,53,39.000,31.000,26.907
153,n_step_sarsa,n,5.000,0.500,54,24.000,22.000,8.185
154,n_step_sarsa,n,5.000,0.500,55,32.667,27.000,18.175
155,n_step_sarsa,n,5.000,0.500,56,30.667,31.000,5.508
156,n_step_sarsa,n,5.000,0.500,57,42.667,28.000,29.838
157,n_step_sarsa,n,5.000,0.500,58,28.667,26.000,5.508
158,n_step_sarsa,n,5.000,0.500,59,28.000,28.000,6.000
159,n_step_sarsa,n,5.000,0.500,60,25.333,25.000,4.509
160,n_step_sarsa,n,5.000,0.500,61,28.667,28.000,10.017
161,n_step_sarsa,n,5.000,0.500,62,22.333,20.000,4.041
162,n_step_sarsa,n,5.000,0.500,63,23.667,22.000,5.686
163,n_step_sarsa,n,5.000,0.500,64,21.333,22.000,3.055
164,n_step_sarsa,n,5.000,0.500,65,25.000,23.000,4.359
165,n_step_sarsa,n,5.000,0.500,66,24.000,25.000,2.646
166,n_step_sarsa,n,5.000,0.500,67,32.000,29.000,8.888
167,n_step_sarsa,n,5.000,0.500,68,28.000,26.000,8.185
168,n_step_sarsa,n,5.000,0.500,69,27.667,27.000,5.033
169,n_step_sarsa,n,5.000,0.500,70,24.667,23.000,3.786
170,n_step_sarsa,n,5.000,0.500,71,21.000,21.000,1.000
171,n_step_sarsa,n,5.000,0.500,72,20.000,20.000,2.000
172,n_step_sarsa,n,5.000,0.500,73,22.667,19.000,7.234
173,n_step_sarsa,n,5.000,0.500,74,134.667,26.000,189.951
174,n_step_sarsa,n,5.000,0.500,75,31.333,24.000,18.148
175,n_step_sarsa,n,5.000,0.500,76,47.000,24.000,43.347
176,n_step_sarsa,n,5.000,0.500,77,23.000,21.000,3.464
177,n_step_sarsa,n,5.000,0.500,78,28.333,27.000,7.095
178,n_step_sarsa,n,5.000,0.500,79,23.333,23.000,3.512
179,n_step_sarsa,n,5.000,0.500,80,38.667,34.000,13.614
180,n_step_sarsa,n,5.000,0.500,81,23.667,21.000,6.429
181,n_step_sarsa,n,5.000,0.500,82,25.000,24.000,1.732
182,n_step_sarsa,n,5.000,0.500,83,40.333,36.000,24.786
183,n_step_sarsa,n,5.000,0.500,84,26.667,18.000,15.011
184,n_step_sarsa,n,5.000,0.500,85,18.667,19.000,0.577
185,n_step_sarsa,n,5.000,0.500,86,23.000,20.000,7.000
186,n_step_sarsa,n,5.000,0.500,87,21.667,24.000,4.041
187,n_step_sarsa,n,5.000,0.500,88,27.667,30.000,5.859
188,n_step_sarsa,n,5.000,0.500,89,22.333,22.000,1.528
189,n_step_sarsa,n,5.000,0.500,90,21.667,21.000,1.155
190,n_step_sarsa,n,5.000,0.500,91,24.333,25.000,1.155
191,n_step_sarsa,n,5.000,0.500,92,39.333,27.000,26.727
192,n_step_sarsa,n,5.000,0.500,93,186.333,29.000,278.593
193,n_step_sarsa,n,5.000,0.500,94,31.000,25.000,14.933
194,n_step_sarsa,n,5.000,0.500,95,33.000,34.000,1.732
195,n_step_sarsa,n,5.000,0.500,96,26.667,28.000,3.215
196,n_step_sarsa,n,5.000,0.500,97,33.000,34.000,13.528
197,n_step_sarsa,n,5.000,0.500,98,30.333,30.000,13.503
198,n_step_sarsa,n,5.000,0.500,99,66.667,31.000,74.232
199,n_step_sarsa,n,5.000,0.500,100,33.667,35.000,10.066
200,n_step_sarsa,n,10.000,0.500,1,6659.667,7147.000,963.367
201,n_step_sarsa,n,10.000,0.500,2,2754.000,958.000,3369.471
202,n_step_sarsa,n,10.000,0.500,3,608.000,577.000,533.176
203,n_step_sarsa,n,10.000,0.500,4,364.667,68.000,514.708
204,n_step_sarsa,n,10.000,0.500,5,500.333,345.000,492.719
205,n_step_sarsa,n,10.000,0.500,6,123.333,81.000,99.500
206,n_step_sarsa,n,10.000,0.500,7,64.333,45.000,55.582
207,n_step_sarsa,n,10.000,0.500,8,59.000,37.000,51.643
208,n_step_sarsa,n,10.000,0.500,9,53.000,33.000,45.431
209,n_step_sarsa,n,10.000,0.500,10,21.667,20.000,3.786
210,n_step_sarsa,n,10.000,0.500,11,61.333,39.000,53.144
211,n_step_sarsa,n,10.000,0.500,12,20.000,19.000,2.646
212,n_step_sarsa,n,10.000,0.500,13,32.667,34.000,4.163
213,n_step_sarsa,n,10.000,0.500,14,25.000,19.000,11.269
214,n_step_sarsa,n,10.000,0.500,15,21.333,22.000,2.082
215,n_step_sarsa,n,10.000,0.500,16,37.333,40.000,18.148
216,n_step_sarsa,n,10.000,0.500,17,64.333,22.000,76.814
217,n_step_sarsa,n,10.000,0.500,18,20.000,20.000,1.000
218,n_step_sarsa,n,10.000,0.500,19,54.000,30.000,51.391
219,n_step_sarsa,n,10.000,0.500,20,33.667,20.000,24.542
220,n_step_sarsa,n,10.000,0.500,21,23.667,22.000,4.726
221,n_step_sarsa,n,10.000,0.500,22,34.333,33.000,16.042
222,n_step_sarsa,n,10.000,0.500,23,34.333,36.000,12.583
223,n_step_sarsa,n,10.000,0.500,24,37.333,23.000,28.361
224,n_step_sarsa,n,10.000,0.500,25,33.333,36.000,8.327
225,n_step_sarsa,n,10.000,0.500,26,25.000,24.000,5.568
226,n_step_sarsa,n,10.000,0.500,27,27.333,30.000,7.371
227,n_step_sarsa,n,10.000,0.500,28,46.667,35.000,34.034
228,n_step_sarsa,n,10.000,0.500,29,24.000,22.000,7.211
229,n_step_sarsa,n,10.000,0.500,30,24.667,21.000,7.234
230,n_step_sarsa,n,10.000,0.500,31,23.667,23.000,6.028
231,n_step_sarsa,n,10.000,0.500,32,20.333,21.000,1.155
232,n_step_sarsa,n,10.000,0.500,33,22.000,20.000,5.292
233,n_step_sarsa,n,10.000,0.500,34,25.667,20.000,10.693
234,n_step_sarsa,n,10.000,0.500,35,20.667,19.000,3.786
235,n_step_sarsa,n,10.000,0.500,36,29.000,20.000,17.349
236,n_step_sarsa,n,10.000,0.500,37,35.333,20.000,27.429
237,n_step_sarsa,n,10.000,0.500,38,43.000,22.000,39.887
238,n_step_sarsa,n,10.000,0.500,39,58.333,41.000,50.292
239,n_step_sarsa,n,10.000,0.500,40,23.667,24.000,3.512
240,n_step_sarsa,n,10.000,0.500,41,30.000,33.000,9.849
241,n_step_sarsa,n,10.000,0.500,42,24.000,22.000,6.245
242,n_step_sarsa,n,10.000,0.500,43,20.000,19.000,1.732
243,n_step_sarsa,n,10.000,0.500,44,24.000,25.000,4.583
244,n_step_sarsa,n,10.000,0.500,45,26.000,23.000,6.083
245,n_step_sarsa,n,10.000,0.500,46,27.667,29.000,5.132
246,n_step_sarsa,n,10.000,0.500,47,21.000,22.000,1.732
247,n_step_sarsa,n,10.000,0.500,48,29.333,24.000,11.015
248,n_step_sarsa,n,10.000,0.500,49,20.667,22.000,2.309
249,n_step_sarsa,n,10.000,0.500,50,30.667,20.000,20.232
250,n_step_sarsa,n,10.000,0.500,51,27.333,26.000,3.215
251,n_step_sarsa,n,10.000,0.500,52,32.667,36.000,12.342
252,n_step_sarsa,n,10.000,0.500,53,26.333,27.000,7.024
253,n_step_sarsa,n,10.000,0.500,54,34.333,38.000,14.844
254,n_step_sarsa,n,10.000,0.500,55,31.667,22.000,19.399
255,n_step_sarsa,n,10.000,0.500,56,22.333,19.000,6.658
256,n_step_sarsa,n,10.000,0.500,57,27.667,29.000,8.083
257,n_step_sarsa,n,10.000,0.500,58,43.333,43.000,13.503
258,n_step_sarsa,n,10.000,0.500,59,40.667,38.000,6.429
259,n_step_sarsa,n,10.000,0.500,60,35.667,34.000,7.638
260,n_step_sarsa,n,10.000,0.500,61,26.333,30.000,7.234
261,n_step_sarsa,n,10.000,0.500,62,20.000,19.000,2.646
262,n_step_sarsa,n,10.000,0.500,63,22.000,20.000,3.464
263,n_step_sarsa,n,10.000,0.500,64,46.000,43.000,13.748
264,n_step_sarsa,n,10.000,0.500,65,31.333,30.000,10.066
265,n_step_sarsa,n,10.000,0.500,66,23.667,18.000,9.815
266,n_step_sarsa,n,10.000,0.500,67,20.000,19.000,2.646
267,n_step_sarsa,n,10.000,0.500,68,25.333,22.000,9.452
268,n_step_sarsa,n,10.000,0.500,69,33.000,34.000,13.528
269,n_step_sarsa,n,10.000,0.500,70,55.333,53.000,36.556
270,n_step_sarsa,n,10.000,0.500,71,39.667,45.000,18.583
271,n_step_sarsa,n,10.000,0.500,72,32.333,24.000,19.858
272,n_step_sarsa,n,10.000,0.500,73,29.667,22.000,15.044
273,n_step_sarsa,n,10.000,0.500,74,23.333,20.000,6.658
274,n_step_sarsa,n,10.000,0.500,75,39.000,22.000,31.193
275,n_step_sarsa,n,10.000,0.500,76,44.333,40.000,18.877
276,n_step_sarsa,n,10.000,0.500,77,175.000,33.000,258.170
277,n_step_sarsa,n,10.000,0.500,78,72.667,37.000,76.055
278,n_step_sarsa,n,10.000,0.500,79,32.667,20.000,21.939
279,n_step_sarsa,n,10.000,0.500,80,59.333,67.000,36.116
280,n_step_sarsa,n,10.000,0.500,81,53.333,42.000,38.280
281,n_step_sarsa,n,10.000,0.500,82,35.333,41.000,14.364
282,n_step_sarsa,n,10.000,0.500,83,27.667,27.000,9.018
283,n_step_sarsa,n,10.000,0.500,84,23.000,24.000,3.606
284,n_step_sarsa,n,10.000,0.500,85,26.667,23.000,10.970
285,n_step_sarsa,n,10.000,0.500,86,23.333,23.000,3.512
286,n_step_sarsa,n,10.000,0.500,87,40.667,46.000,16.653
287,n_step_sarsa,n,10.000,0.500,88,35.667,19.000,29.738
288,n_step_sarsa,n,10.000,0.500,89,33.333,27.000,17.388
289,n_step_sarsa,n,10.000,0.500,90,30.333,34.000,8.145
290,n_step_sarsa,n,10.000,0.500,91,33.000,38.000,13.229
291,n_step_sarsa,n,10.000,0.500,92,32.667,24.000,17.673
292,n_step_sarsa,n,10.000,0.500,93,41.667,22.000,34.933
293,n_step_sarsa,n,10.000,0.500,94,32.333,25.000,18.148
294,n_step_sarsa,n,10.000,0.500,95,21.000,22.000,1.732
295,n_step_sarsa,n,10.000,0.500,96,28.667,27.000,8.622
296,n_step_sarsa,n,10.000,0.500,97,32.333,33.000,7.024
297,n_step_sarsa,n,10.000,0.500,98,154.667,33.000,220.328
298,n_step_sarsa,n,10.000,0.500,99,390.000,38.000,623.590
299,n_step_sarsa,n,10.000,0.500,100,92.000,41.000,99.805
300,sarsa_lambda,lambda,0.000,0.500,1,1189.000,1181.000,113.212
301,sarsa_lambda,lambda,0.000,0.500,2,582.000,488.000,181.304
302,sarsa_lambda,lambda,0.000,0.500,3,211.333,177.000,71.933
303,sarsa_lambda,lambda,0.000,0.500,4,166.333,157.000,51.637
304,sarsa_lambda,lambda,0.000,0.500,5,213.333,122.000,174.015
305,sarsa_lambda,lambda,0.000,0.500,6,106.333,102.000,63.611
306,sarsa_lambda,lambda,0.000,0.500,7,67.667,68.000,17.502
307,sarsa_lambda,lambda,0.000,0.500,8,121.000,126.000,51.682
308,sarsa_lambda,lambda,0.000,0.500,9,56.333,54.000,14.640
309,sarsa_lambda,lambda,0.000,0.500,10,213.667,141.000,205.855
310,sarsa_lambda,lambda,0.000,0.500,11,163.000,159.000,42.143
311,sarsa_lambda,lambda,0.000,0.500,12,140.000,72.000,117.779
312,sarsa_lambda,lambda,0.000,0.500,13,181.000,216.000,131.053
313,sarsa_lambda,lambda,0.000,0.500,14,129.333,151.000,85.582
314,sarsa_lambda,lambda,0.000,0.500,15,80.667,55.000,71.066
315,sarsa_lambda,lambda,0.000,0.500,16,195.333,196.000,44.004
316,sarsa_lambda,lambda,0.000,0.500,17,41.667,47.000,11.015
317,sarsa_lambda,lambda,0.000,0.500,18,164.333,221.000,120.451
318,sarsa_lambda,lambda,0.000,0.500,19,91.333,100.000,61.460
319,sarsa_lambda,lambda,0.000,0.500,20,53.333,55.000,7.638
320,sarsa_lambda,lambda,0.000,0.500,21,152.333,189.000,86.072
321,sarsa_lambda,lambda,0.000,0.500,22,47.667,48.000,6.506
322,sarsa_lambda,lambda,0.000,0.500,23,65.000,64.000,38.510
323,sarsa_lambda,lambda,0.000,0.500,24,57.333,53.000,36.692
324,sarsa_lambda,lambda,0.000,0.500,25,85.667,111.000,50.063
325,sarsa_lambda,lambda,0.000,0.500,26,80.667,75.000,11.590
326,sarsa_lambda,lambda,0.000,0.500,27,43.000,35.000,18.358
327,sarsa_lambda,lambda,0.000,0.500,28,43.667,39.000,22.368
328,sarsa_lambda,lambda,0.000,0.500,29,55.667,60.000,18.877
329,sarsa_lambda,lambda,0.000,0.500,30,63.667,29.000,60.044
330,sarsa_lambda,lambda,0.000,0.500,31,40.333,38.000,21.595
331,sarsa_lambda,lambda,0.000,0.500,32,36.667,28.000,17.673
332,sarsa_lambda,lambda,0.000,0.500,33,54.667,44.000,41.053
333,sarsa_lambda,lambda,0.000,0.500,34,50.000,46.000,28.213
334,sarsa_lambda,lambda,0.000,0.500,35,38.333,38.000,4.509
335,sarsa_lambda,lambda,0.000,0.500,36,75.667,64.000,31.182
336,sarsa_lambda,lambda,0.000,0.500,37,32.000,32.000,3.000
337,sarsa_lambda,lambda,0.000,0.500,38,27.000,25.000,3.464
338,sarsa_lambda,lambda,0.000,0.500,39,33.667,35.000,8.083
339,sarsa_lambda,lambda,0.000,0.500,40,59.333,45.000,42.360
340,sarsa_lambda,lambda,0.000,0.500,41,34.667,38.000,5.774
341,sarsa_lambda,lambda,0.000,0.500,42,46.000,45.000,22.517
342,sarsa_lambda,lambda,0.000,0.500,43,55.000,58.000,6.083
343,sarsa_lambda,lambda,0.000,0.500,44,47.333,49.000,9.609
344,sarsa_lambda,lambda,0.000,0.500,45,41.667,45.000,8.505
345,sarsa_lambda,lambda,0.000,0.500,46,42.333,38.000,13.051
346,sarsa_lambda,lambda,0.000,0.500,47,45.000,48.000,24.637
347,sarsa_lambda,lambda,0.000,0.500,48,52.000,46.000,14.000
348,sarsa_lambda,lambda,0.000,0.500,49,38.333,34.000,8.386
349,sarsa_lambda,lambda,0.000,0.500,50,37.000,36.000,13.528
350,sarsa_lambda,lambda,0.000,0.500,51,46.667,46.000,4.041
351,sarsa_lambda,lambda,0.000,0.500,52,30.667,29.000,5.686
352,sarsa_lambda,lambda,0.000,0.500,53,28.667,29.000,2.517
353,sarsa_lambda,lambda,0.000,0.500,54,33.333,31.000,7.767
354,sarsa_lambda,lambda,0.000,0.500,55,29.667,29.000,4.041
355,sarsa_lambda,lambda,0.000,0.500,56,41.333,46.000,17.474
356,sarsa_lambda,lambda,0.000,0.500,57,30.000,27.000,8.888
357,sarsa_lambda,lambda,0.000,0.500,58,34.000,32.000,5.292
358,sarsa_lambda,lambda,0.000,0.500,59,32.333,23.000,17.039
359,sarsa_lambda,lambda,0.000,0.500,60,39.333,43.000,18.771
360,sarsa_lambda,lambda,0.000,0.500,61,35.000,32.000,7.000
361,sarsa_lambda,lambda,0.000,0.500,62,36.667,38.000,9.074
362,sarsa_lambda,lambda,0.000,0.500,63,38.000,33.000,8.660
363,sarsa_lambda,lambda,0.000,0.500,64,42.000,43.000,1.732
364,sarsa_lambda,lambda,0.000,0.500,65,24.667,19.000,11.590
365,sarsa_lambda,lambda,0.000,0.500,66,31.667,30.000,11.590
366,sarsa_lambda,lambda,0.000,0.500,67,44.667,37.000,30.238
367,sarsa_lambda,lambda,0.000,0.500,68,28.000,25.000,10.817
368,sarsa_lambda,lambda,0.000,0.500,69,25.667,18.000,13.279
369,sarsa_lambda,lambda,0.000,0.500,70,48.000,50.000,14.107
370,sarsa_lambda,lambda,0.000,0.500,71,32.000,28.000,10.583
371,sarsa_lambda,lambda,0.000,0.500,72,31.333,23.000,15.308
372,sarsa_lambda,lambda,0.000,0.500,73,34.667,27.000,16.862
373,sarsa_lambda,lambda,0.000,0.500,74,40.667,42.000,14.048
374,sarsa_lambda,lambda,0.000,0.500,75,29.000,26.000,12.767
375,sarsa_lambda,lambda,0.000,0.500,76,33.333,31.000,5.859
376,sarsa_lambda,lambda,0.000,0.500,77,34.667,33.000,4.726
377,sarsa_lambda,lambda,0.000,0.500,78,33.667,30.000,8.145
378,sarsa_lambda,lambda,0.000,0.500,79,35.333,32.000,12.342
379,sarsa_lambda,lambda,0.000,0.500,80,43.333,38.000,11.930
380,sarsa_lambda,lambda,0.000,0.500,81,24.000,20.000,6.928
381,sarsa_lambda,lambda,0.000,0.500,82,27.333,28.000,9.018
382,sarsa_lambda,lambda,0.000,0.500,83,29.667,29.000,8.021
383,sarsa_lambda,lambda,0.000,0.500,84,27.000,28.000,6.557
384,sarsa_lambda,lambda,0.000,0.500,85,27.000,29.000,6.245
385,sarsa_lambda,lambda,0.000,0.500,86,23.667,22.000,3.786
386,sarsa_lambda,lambda,0.000,0.500,87,31.667,26.000,11.590
387,sarsa_lambda,lambda,0.000,0.500,88,32.667,34.000,9.074
388,sarsa_lambda,lambda,0.000,0.500,89,28.667,29.000,0.577
389,sarsa_lambda,lambda,0.000,0.500,90,27.333,28.000,3.055
390,sarsa_lambda,lambda,0.000,0.500,91,23.000,18.000,9.539
391,sarsa_lambda,lambda,0.000,0.500,92,21.333,20.000,4.163
392,sarsa_lambda,lambda,0.000,0.500,93,30.000,31.000,2.646
393,sarsa_lambda,lambda,0.000,0.500,94,26.667,30.000,7.572
394,sarsa_lambda,lambda,0.000,0.500,95,26.667,24.000,6.429
395,sarsa_lambda,lambda,0.000,0.500,96,24.667,25.000,5.508
396,sarsa_lambda,lambda,0.000,0.500,97,36.000,39.000,7.937
397,sarsa_lambda,lambda,0.000,0.500,98,30.000,29.000,11.533
398,sarsa_lambda,lambda,0.000,0.500,99,25.667,21.000,8.963
399,sarsa_lambda,lambda,0.000,0.500,100,21.333,19.000,4.933
400,sarsa_lambda,lambda,0.100,0.500,1,1424.333,1419.000,15.695
401,sarsa_lambda,lambda,0.100,0.500,2,231.667,299.000,137.932
402,sarsa_lambda,lambda,0.100,0.500,3,223.667,194.000,95.039
403,sarsa_lambda,lambda,0.100,0.500,4,264.333,202.000,111.447
404,sarsa_lambda,lambda,0.100,0.500,5,139.667,130.000,117.798
405,sarsa_lambda,lambda,0.100,0.500,6,172.667,186.000,63.066
406,sarsa_lambda,lambda,0.100,0.500,7,180.333,183.000,87.031
407,sarsa_lambda,lambda,0.100,0.500,8,152.667,199.000,92.641
408,sarsa_lambda,lambda,0.100,0.500,9,116.000,114.000,8.185
409,sarsa_lambda,lambda,0.100,0.500,10,138.000,132.000,68.198
410,sarsa_lambda,lambda,0.100,0.500,11,60.333,45.000,30.089
411,sarsa_lambda,lambda,0.100,0.500,12,53.333,47.000,25.106
412,sarsa_lambda,lambda,0.100,0.500,13,98.333,114.000,55.194
413,sarsa_lambda,lambda,0.100,0.500,14,74.333,77.000,51.052
414,sarsa_lambda,lambda,0.100,0.500,15,97.333,65.000,80.525
415,sarsa_lambda,lambda,0.100,0.500,16,146.000,148.000,26.058
416,sarsa_lambda,lambda,0.100,0.500,17,120.000,127.000,28.160
417,sarsa_lambda,lambda,0.100,0.500,18,51.000,38.000,24.269
418,sarsa_lambda,lambda,0.100,0.500,19,80.333,72.000,30.370
419,sarsa_lambda,lambda,0.100,0.500,20,69.333,28.000,73.330
420,sarsa_lambda,lambda,0.100,0.500,21,62.000,60.000,34.044
421,sarsa_lambda,lambda,0.100,0.500,22,63.667,58.000,41.789
422,sarsa_lambda,lambda,0.100,0.500,23,74.000,76.000,45.033
423,sarsa_lambda,lambda,0.100,0.500,24,141.667,102.000,86.604
424,sarsa_lambda,lambda,0.100,0.500,25,96.667,97.000,51.501
425,sarsa_lambda,lambda,0.100,0.500,26,48.667,52.000,13.317
426,sarsa_lambda,lambda,0.100,0.500,27,52.333,42.000,26.083
427,sarsa_lambda,lambda,0.100,0.500,28,33.000,33.000,3.000
428,sarsa_lambda,lambda,0.100,0.500,29,42.333,44.000,17.559
429,sarsa_lambda,lambda,0.100,0.500,30,64.667,46.000,43.143
430,sarsa_lambda,lambda,0.100,0.500,31,55.000,29.000,49.427
431,sarsa_lambda,lambda,0.100,0.500,32,38.000,39.000,2.646
432,sarsa_lambda,lambda,0.100,0.500,33,45.667,30.000,28.885
433,sarsa_lambda,lambda,0.100,0.500,34,34.333,33.000,3.215
434,sarsa_lambda,lambda,0.100,0.500,35,56.667,50.000,11.547
435,sarsa_lambda,lambda,0.100,0.500,36,44.333,43.000,13.051
436,sarsa_lambda,lambda,0.100,0.500,37,54.667,33.000,41.932
437,sarsa_lambda,lambda,0.100,0.500,38,42.667,45.000,7.767
438,sarsa_lambda,lambda,0.100,0.500,39,44.333,33.000,20.502
439,sarsa_lambda,lambda,0.100,0.500,40,30.333,23.000,13.577
440,sarsa_lambda,lambda,0.100,0.500,41,51.333,51.000,2.517
441,sarsa_lambda,lambda,0.100,0.500,42,49.333,38.000,21.385
442,sarsa_lambda,lambda,0.100,0.500,43,30.000,29.000,5.568
443,sarsa_lambda,lambda,0.100,0.500,44,27.333,25.000,6.807
444,sarsa_lambda,lambda,0.100,0.500,45,69.333,45.000,52.880
445,sarsa_lambda,lambda,0.100,0.500,46,48.000,51.000,20.664
446,sarsa_lambda,lambda,0.100,0.500,47,41.333,37.000,15.948
447,sarsa_lambda,lambda,0.100,0.500,48,32.667,30.000,11.240
448,sarsa_lambda,lambda,0.100,0.500,49,39.667,28.000,22.855
449,sarsa_lambda,lambda,0.100,0.500,50,37.333,39.000,6.658
450,sarsa_lambda,lambda,0.100,0.500,51,27.333,29.000,7.638
451,sarsa_lambda,lambda,0.100,0.500,52,56.333,61.000,15.535
452,sarsa_lambda,lambda,0.100,0.500,53,31.333,29.000,15.631
453,sarsa_lambda,lambda,0.100,0.500,54,27.333,28.000,5.033
454,sarsa_lambda,lambda,0.100,0.500,55,26.333,27.000,4.041
455,sarsa_lambda,lambda,0.100,0.500,56,34.667,29.000,12.503
456,sarsa_lambda,lambda,0.100,0.500,57,29.667,27.000,12.220
457,sarsa_lambda,lambda,0.100,0.500,58,32.667,34.000,10.066
458,sarsa_lambda,lambda,0.100,0.500,59,35.000,26.000,20.075
459,sarsa_lambda,lambda,0.100,0.500,60,36.000,35.000,5.568
460,sarsa_lambda,lambda,0.100,0.500,61,41.000,35.000,13.077
461,sarsa_lambda,lambda,0.100,0.500,62,44.000,46.000,21.071
462,sarsa_lambda,lambda,0.100,0.500,63,45.333,41.000,9.292
463,sarsa_lambda,lambda,0.100,0.500,64,36.667,43.000,14.572
464,sarsa_lambda,lambda,0.100,0.500,65,35.667,40.000,12.097
465,sarsa_lambda,lambda,0.100,0.500,66,25.333,21.000,8.386
466,sarsa_lambda,lambda,0.100,0.500,67,33.000,26.000,18.520
467,sarsa_lambda,lambda,0.100,0.500,68,26.333,27.000,2.082
468,sarsa_lambda,lambda,0.100,0.500,69,29.000,26.000,8.888
469,sarsa_lambda,lambda,0.100,0.500,70,34.667,40.000,10.116
470,sarsa_lambda,lambda,0.100,0.500,71,28.667,29.000,5.508
471,sarsa_lambda,lambda,0.100,0.500,72,28.667,27.000,4.726
472,sarsa_lambda,lambda,0.100,0.500,73,30.667,25.000,13.429
473,sarsa_lambda,lambda,0.100,0.500,74,35.000,32.000,15.716
474,sarsa_lambda,lambda,0.100,0.500,75,41.667,34.000,14.154
475,sarsa_lambda,lambda,0.100,0.500,76,27.667,28.000,7.506
476,sarsa_lambda,lambda,0.100,0.500,77,28.667,28.000,9.018
477,sarsa_lambda,lambda,0.100,0.500,78,20.667,20.000,1.155
478,sarsa_lambda,lambda,0.100,0.500,79,34.000,30.000,6.928
479,sarsa_lambda,lambda,0.100,0.500,80,30.333,26.000,9.292
480,sarsa_lambda,lambda,0.100,0.500,81,33.333,35.000,11.590
481,sarsa_lambda,lambda,0.100,0.500,82,33.000,30.000,9.849
482,sarsa_lambda,lambda,0.100,0.500,83,35.667,33.000,13.204
483,sarsa_lambda,lambda,0.100,0.500,84,28.333,27.000,7.095
484,sarsa_lambda,lambda,0.100,0.500,85,30.667,25.000,12.503
485,sarsa_lambda,lambda,0.100,0.500,86,25.333,24.000,5.132
486,sarsa_lambda,lambda,0.100,0.500,87,19.667,20.000,0.577
487,sarsa_lambda,lambda,0.100,0.500,88,29.667,31.000,2.309
488,sarsa_lambda,lambda,0.100,0.500,89,24.333,26.000,4.726
489,sarsa_lambda,lambda,0.100,0.500,90,30.333,33.000,6.429
490,sarsa_lambda,lambda,0.100,0.500,91,27.000,25.000,4.359
491,sarsa_lambda,lambda,0.100,0.500,92,30.333,23.000,13.577
492,sarsa_lambda,lambda,0.100,0.500,93,32.333,35.000,8.327
493,sarsa_lambda,lambda,0.100,0.500,94,36.333,36.000,7.506
494,sarsa_lambda,lambda,0.100,0.500,95,45.000,48.000,5.196
495,sarsa_lambda,lambda,0.100,0.500,96,26.000,25.000,4.583
496,sarsa_lambda,lambda,0.100,0.500,97,24.667,19.000,10.693
497,sarsa_lambda,lambda,0.100,0.500,98,22.333,20.000,5.859
498,sarsa_lambda,lambda,0.100,0.500,99,28.000,22.000,11.269
499,sarsa_lambda,lambda,0.100,0.500,100,25.000,21.000,7.810
500,sarsa_lambda,lambda,0.500,0.500,1,1232.333,1314.000,275.725
501,sarsa_lambda,lambda,0.500,0.500,2,266.667,293.000,67.471
502,sarsa_lambda,lambda,0.500,0.500,3,184.667,211.000,123.622
503,sarsa_lambda,lambda,0.500,0.500,4,65.667,80.000,31.086
504,sarsa_lambda,lambda,0.500,0.500,5,145.333,134.000,98.490
505,sarsa_lambda,lambda,0.500,0.500,6,109.667,106.000,54.592
506,sarsa_lambda,lambda,0.500,0.500,7,109.667,39.000,123.265
507,sarsa_lambda,lambda,0.500,0.500,8,40.333,30.000,18.771
508,sarsa_lambda,lambda,0.500,0.500,9,96.667,113.000,56.306
509,sarsa_lambda,lambda,0.500,0.500,10,57.667,58.000,23.502
510,sarsa_lambda,lambda,0.500,0.500,11,72.000,83.000,22.605
511,sarsa_lambda,lambda,0.500,0.500,12,63.667,59.000,39.209
512,sarsa_lambda,lambda,0.500,0.500,13,87.000,112.000,47.697
513,sarsa_lambda,lambda,0.500,0.500,14,50.667,60.000,27.227
514,sarsa_lambda,lambda,0.500,0.500,15,123.333,101.000,50.362
515,sarsa_lambda,lambda,0.500,0.500,16,28.667,24.000,10.786
516,sarsa_lambda,lambda,0.500,0.500,17,42.333,39.000,23.180
517,sarsa_lambda,lambda,0.500,0.500,18,38.000,33.000,12.288
518,sarsa_lambda,lambda,0.500,0.500,19,83.333,83.000,51.501
519,sarsa_lambda,lambda,0.500,0.500,20,36.333,28.000,14.434
520,sarsa_lambda,lambda,0.500,0.500,21,46.000,41.000,10.440
521,sarsa_lambda,lambda,0.500,0.500,22,56.000,63.000,13.892
522,sarsa_lambda,lambda,0.500,0.500,23,36.000,39.000,14.731
523,sarsa_lambda,lambda,0.500,0.500,24,30.333,25.000,10.116
524,sarsa_lambda,lambda,0.500,0.500,25,30.333,30.000,1.528
525,sarsa_lambda,lambda,0.500,0.500,26,40.000,37.000,7.000
526,sarsa_lambda,lambda,0.500,0.500,27,46.000,31.000,25.981
527,sarsa_lambda,lambda,0.500,0.500,28,30.667,28.000,4.619
528,sarsa_lambda,lambda,0.500,0.500,29,44.000,56.000,21.656
529,sarsa_lambda,lambda,0.500,0.500,30,30.333,31.000,3.055
530,sarsa_lambda,lambda,0.500,0.500,31,48.667,31.000,30.600
531,sarsa_lambda,lambda,0.500,0.500,32,32.000,29.000,12.767
532,sarsa_lambda,lambda,0.500,0.500,33,33.667,30.000,10.017
533,sarsa_lambda,lambda,0.500,0.500,34,33.000,35.000,5.292
534,sarsa_lambda,lambda,0.500,0.500,35,29.333,27.000,4.933
535,sarsa_lambda,lambda,0.500,0.500,36,39.333,37.000,12.662
536,sarsa_lambda,lambda,0.500,0.500,37,28.667,23.000,14.364
537,sarsa_lambda,lambda,0.500,0.500,38,39.333,24.000,30.089
538,sarsa_lambda,lambda,0.500,0.500,39,28.667,29.000,3.512
539,sarsa_lambda,lambda,0.500,0.500,40,29.667,26.000,7.234
540,sarsa_lambda,lambda,0.500,0.500,41,33.667,35.000,14.048
541,sarsa_lambda,lambda,0.500,0.500,42,41.000,21.000,35.511
542,sarsa_lambda,lambda,0.500,0.500,43,29.000,26.000,9.849
543,sarsa_lambda,lambda,0.500,0.500,44,44.333,41.000,14.295
544,sarsa_lambda,lambda,0.500,0.500,45,29.667,27.000,5.508
545,sarsa_lambda,lambda,0.500,0.500,46,26.667,26.000,4.041
546,sarsa_lambda,lambda,0.500,0.500,47,37.333,20.000,30.022
547,sarsa_lambda,lambda,0.500,0.500,48,27.333,29.000,9.609
548,sarsa_lambda,lambda,0.500,0.500,49,23.333,21.000,7.767
549,sarsa_lambda,lambda,0.500,0.500,50,47.000,52.000,21.932
550,sarsa_lambda,lambda,0.500,0.500,51,41.333,38.000,14.295
551,sarsa_lambda,lambda,0.500,0.500,52,26.333,28.000,6.658
552,sarsa_lambda,lambda,0.500,0.500,53,24.333,24.000,6.506
553,sarsa_lambda,lambda,0.500,0.500,54,33.000,38.000,14.177
554,sarsa_lambda,lambda,0.500,0.500,55,34.333,35.000,2.082
555,sarsa_lambda,lambda,0.500,0.500,56,29.333,29.000,12.503
556,sarsa_lambda,lambda,0.500,0.500,57,21.667,21.000,2.082
557,sarsa_lambda,lambda,0.500,0.500,58,28.333,27.000,5.132
558,sarsa_lambda,lambda,0.500,0.500,59,34.667,24.000,22.030
559,sarsa_lambda,lambda,0.500,0.500,60,24.000,19.000,8.660
560,sarsa_lambda,lambda,0.500,0.500,61,23.333,20.000,8.505
561,sarsa_lambda,lambda,0.500,0.500,62,26.333,24.000,6.807
562,sarsa_lambda,lambda,0.500,0.500,63,27.667,19.000,15.885
563,sarsa_lambda,lambda,0.500,0.500,64,26.000,29.000,5.196
564,sarsa_lambda,lambda,0.500,0.500,65,21.333,20.000,4.163
565,sarsa_lambda,lambda,0.500,0.500,66,21.333,21.000,2.517
566,sarsa_lambda,lambda,0.500,0.500,67,31.667,29.000,10.263
567,sarsa_lambda,lambda,0.500,0.500,68,29.000,22.000,14.799
568,sarsa_lambda,lambda,0.500,0.500,69,31.333,36.000,9.866
569,sarsa_lambda,lambda,0.500,0.500,70,32.333,38.000,9.815
570,sarsa_lambda,lambda,0.500,0.500,71,27.667,23.000,12.662
571,sarsa_lambda,lambda,0.500,0.500,72,28.333,28.000,10.504
572,sarsa_lambda,lambda,0.500,0.500,73,25.667,23.000,7.371
573,sarsa_lambda,lambda,0.500,0.500,74,28.333,29.000,8.021
574,sarsa_lambda,lambda,0.500,0.500,75,28.000,24.000,12.490
575,sarsa_lambda,lambda,0.500,0.500,76,20.000,18.000,4.359
576,sarsa_lambda,lambda,0.500,0.500,77,23.000,23.000,6.000
577,sarsa_lambda,lambda,0.500,0.500,78,32.333,24.000,17.098
578,sarsa_lambda,lambda,0.500,0.500,79,20.667,20.000,1.155
579,sarsa_lambda,lambda,0.500,0.500,80,26.333,24.000,10.693
580,sarsa_lambda,lambda,0.500,0.500,81,25.000,25.000,8.000
581,sarsa_lambda,lambda,0.500,0.500,82,24.333,21.000,9.452
582,sarsa_lambda,lambda,0.500,0.500,83,24.667,24.000,1.155
583,sarsa_lambda,lambda,0.500,0.500,84,25.333,21.000,9.292
584,sarsa_lambda,lambda,0.500,0.500,85,20.000,19.000,3.606
585,sarsa_lambda,lambda,0.500,0.500,86,24.000,25.000,5.568
586,sarsa_lambda,lambda,0.500,0.500,87,23.667,20.000,8.145
587,sarsa_lambda,lambda,0.500,0.500,88,25.333,23.000,7.767
588,sarsa_lambda,lambda,0.500,0.500,89,18.667,19.000,1.528
589,sarsa_lambda,lambda,0.500,0.500,90,23.667,19.000,8.963
590,sarsa_lambda,lambda,0.500,0.500,91,19.000,19.000,2.000
591,sarsa_lambda,lambda,0.500,0.500,92,19.333,20.000,2.082
592,sarsa_lambda,lambda,0.500,0.500,93,23.000,24.000,2.646
593,sarsa_lambda,lambda,0.500,0.500,94,21.333,18.000,6.658
594,sarsa_lambda,lambda,0.500,0.500,95,21.333,20.000,5.132
595,sarsa_lambda,lambda,0.500,0.500,96,35.000,20.000,27.731
596,sarsa_lambda,lambda,0.500,0.500,97,19.000,18.000,2.646
597,sarsa_lambda,lambda,0.500,0.500,98,21.333,21.000,3.512
598,sarsa_lambda,lambda,0.500,0.500,99,20.333,20.000,2.517
599,sarsa_lambda,lambda,0.500,0.500,100,22.333,19.000,7.572
600,sarsa_lambda,lambda,1.000,0.500,1,9024.333,7861.000,4834.149
601,sarsa_lambda,lambda,1.000,0.500,2,324.000,146.000,412.858
602,sarsa_lambda,lambda,1.000,0.500,3,32.000,27.000,17.059
603,sarsa_lambda,lambda,1.000,0.500,4,25.000,26.000,6.557
604,sarsa_lambda,lambda,1.000,0.500,5,22.333,21.000,2.309
605,sarsa_lambda,lambda,1.000,0.500,6,21.333,19.000,4.933
606,sarsa_lambda,lambda,1.000,0.500,7,22.000,21.000,2.646
607,sarsa_lambda,lambda,1.000,0.500,8,23.000,20.000,7.000
608,sarsa_lambda,lambda,1.000,0.500,9,20.667,22.000,2.309
609,sarsa_lambda,lambda,1.000,0.500,10,20.000,21.000,1.732
610,sarsa_lambda,lambda,1.000,0.500,11,20.000,18.000,3.464
611,sarsa_lambda,lambda,1.000,0.500,12,20.667,18.000,4.619
612,sarsa_lambda,lambda,1.000,0.500,13,19.667,20.000,1.528
613,sarsa_lambda,lambda,1.000,0.500,14,19.667,20.000,1.528
614,sarsa_lambda,lambda,1.000,0.500,15,26.333,22.000,11.150
615,sarsa_lambda,lambda,1.000,0.500,16,30.667,34.000,9.452
616,sarsa_lambda,lambda,1.000,0.500,17,19.667,19.000,2.082
617,sarsa_lambda,lambda,1.000,0.500,18,23.333,22.000,3.215
618,sarsa_lambda,lambda,1.000,0.500,19,24.667,24.000,7.024
619,sarsa_lambda,lambda,1.000,0.500,20,21.667,22.000,1.528
620,sarsa_lambda,lambda,1.000,0.500,21,26.333,24.000,6.807
621,sarsa_lambda,lambda,1.000,0.500,22,29.333,31.000,10.599
622,sarsa_lambda,lambda,1.000,0.500,23,24.000,23.000,6.557
623,sarsa_lambda,lambda,1.000,0.500,24,22.667,22.000,5.033
624,sarsa_lambda,lambda,1.000,0.500,25,20.333,21.000,2.082
625,sarsa_lambda,lambda,1.000,0.500,26,21.000,20.000,3.606
626,sarsa_lambda,lambda,1.000,0.500,27,21.333,23.000,2.887
627,sarsa_lambda,lambda,1.000,0.500,28,21.333,23.000,2.887
628,sarsa_lambda,lambda,1.000,0.500,29,23.000,21.000,5.292
629,sarsa_lambda,lambda,1.000,0.500,30,21.667,23.000,3.215
630,sarsa_lambda,lambda,1.000,0.500,31,20.667,21.000,0.577
631,sarsa_lambda,lambda,1.000,0.500,32,21.333,21.000,1.528
632,sarsa_lambda,lambda,1.000,0.500,33,36.667,26.000,25.716
633,sarsa_lambda,lambda,1.000,0.500,34,19.000,18.000,1.732
634,sarsa_lambda,lambda,1.000,0.500,35,22.667,19.000,7.234
635,sarsa_lambda,lambda,1.000,0.500,36,22.000,20.000,4.359
636,sarsa_lambda,lambda,1.000,0.500,37,22.333,23.000,3.055
637,sarsa_lambda,lambda,1.000,0.500,38,22.667,18.000,8.083
638,sarsa_lambda,lambda,1.000,0.500,39,22.667,18.000,8.083
639,sarsa_lambda,lambda,1.000,0.500,40,31.000,26.000,16.093
640,sarsa_lambda,lambda,1.000,0.500,41,35.000,19.000,27.713
641,sarsa_lambda,lambda,1.000,0.500,42,26.333,23.000,6.658
642,sarsa_lambda,lambda,1.000,0.500,43,22.667,22.000,4.041
643,sarsa_lambda,lambda,1.000,0.500,44,59.333,24.000,64.694
644,sarsa_lambda,lambda,1.000,0.500,45,137.333,29.000,197.242
645,sarsa_lambda,lambda,1.000,0.500,46,25.667,23.000,9.292
646,sarsa_lambda,lambda,1.000,0.500,47,33.333,24.000,20.648
647,sarsa_lambda,lambda,1.000,0.500,48,25.333,21.000,7.506
648,sarsa_lambda,lambda,1.000,0.500,49,22.333,21.000,3.215
649,sarsa_lambda,lambda,1.000,0.500,50,19.000,19.000,1.000
650,sarsa_lambda,lambda,1.000,0.500,51,19.000,18.000,1.732
651,sarsa_lambda,lambda,1.000,0.500,52,25.000,23.000,6.245
652,sarsa_lambda,lambda,1.000,0.500,53,19.667,20.000,1.528
653,sarsa_lambda,lambda,1.000,0.500,54,34.667,20.000,25.403
654,sarsa_lambda,lambda,1.000,0.500,55,22.333,20.000,5.859
655,sarsa_lambda,lambda,1.000,0.500,56,23.667,24.000,2.517
656,sarsa_lambda,lambda,1.000,0.500,57,20.667,22.000,2.309
657,sarsa_lambda,lambda,1.000,0.500,58,33.333,19.000,25.697
658,sarsa_lambda,lambda,1.000,0.500,59,38.000,22.000,29.462
659,sarsa_lambda,lambda,1.000,0.500,60,45.667,20.000,46.199
660,sarsa_lambda,lambda,1.000,0.500,61,29.000,19.000,18.193
661,sarsa_lambda,lambda,1.000,0.500,62,31.333,23.000,18.930
662,sarsa_lambda,lambda,1.000,0.500,63,23.667,21.000,6.429
663,sarsa_lambda,lambda,1.000,0.500,64,22.667,19.000,7.234
664,sarsa_lambda,lambda,1.000,0.500,65,30.667,22.000,15.885
665,sarsa_lambda,lambda,1.000,0.500,66,71.667,31.000,77.468
666,sarsa_lambda,lambda,1.000,0.500,67,30.000,24.000,15.875
667,sarsa_lambda,lambda,1.000,0.500,68,28.667,27.000,9.609
668,sarsa_lambda,lambda,1.000,0.500,69,92.667,19.000,127.594
669,sarsa_lambda,lambda,1.000,0.500,70,493.333,25.000,817.247
670,sarsa_lambda,lambda,1.000,0.500,71,26.667,21.000,11.590
671,sarsa_lambda,lambda,1.000,0.500,72,47.667,18.000,51.384
672,sarsa_lambda,lambda,1.000,0.500,73,29.667,20.000,16.743
673,sarsa_lambda,lambda,1.000,0.500,74,26.667,19.000,14.154
674,sarsa_lambda,lambda,1.000,0.500,75,29.333,21.000,17.098
675,sarsa_lambda,lambda,1.000,0.500,76,23.333,22.000,4.163
676,sarsa_lambda,lambda,1.000,0.500,77,32.000,36.000,7.810
677,sarsa_lambda,lambda,1.000,0.500,78,28.000,23.000,8.660
678,sarsa_lambda,lambda,1.000,0.500,79,27.667,22.000,10.693
679,sarsa_lambda,lambda,1.000,0.500,80,242.333,45.000,361.893
680,sarsa_lambda,lambda,1.000,0.500,81,289.667,70.000,413.819
681,sarsa_lambda,lambda,1.000,0.500,82,30.333,31.000,6.028
682,sarsa_lambda,lambda,1.000,0.500,83,29.333,30.000,5.033
683,sarsa_lambda,lambda,1.000,0.500,84,30.000,23.000,13.892
684,sarsa_lambda,lambda,1.000,0.500,85,26.667,27.000,4.509
685,sarsa_lambda,lambda,1.000,0.500,86,24.333,22.000,4.933
686,sarsa_lambda,lambda,1.000,0.500,87,27.333,23.000,7.506
687,sarsa_lambda,lambda,1.000,0.500,88,28.000,25.000,7.937
688,sarsa_lambda,lambda,1.000,0.500,89,111.333,27.000,147.805
689,sarsa_lambda,lambda,1.000,0.500,90,52.333,28.000,46.544
690,sarsa_lambda,lambda,1.000,0.500,91,1850.000,35.000,3148.003
691,sarsa_lambda,lambda,1.000,0.500,92,121.000,25.000,172.375
692,sarsa_lambda,lambda,1.000,0.500,93,46.333,22.000,45.654
693,sarsa_lambda,lambda,1.000,0.500,94,28.000,32.000,7.810
694,sarsa_lambda,lambda,1.000,0.500,95,19.667,18.000,2.887
695,sarsa_lambda,lambda,1.000,0.500,96,24.000,22.000,6.245
696,sarsa_lambda,lambda,1.000,0.500,97,21.333,20.000,3.215
697,sarsa_lambda,lambda,1.000,0.500,98,21.333,19.000,4.041
698,sarsa_lambda,lambda,1.000,0.500,99,24.667,23.000,5.686
699,sarsa_lambda,lambda,1.000,0.500,100,23.333,23.000,0.577
